voltage,current,frequency,timing_delay,signal_strength,temperature,fault
2.1659639833859785,0.6331052123711541,88.3414460179152,20.238489835128192,0.5374126531527562,54.79084734834075,1
1.9050381467202775,1.4194140757724978,82.62099136605515,16.716666359739236,0.4244645571638424,50.551385865530065,1
3.3366598246096846,0.46948949658150524,98.94276663650048,10.188550196951093,0.9147112064506747,25.1704188992678,0
3.330154734233361,0.5025844236395045,100.72992200493245,11.596553783922431,0.8743393216764208,26.33668097743616,0
3.3971570950954355,0.48599758370121654,98.32158066532199,10.119623432055574,0.8978261525093069,24.871623645783004,0
2.351392213447597,0.9095862724469264,68.49277478016437,20.70170466139801,0.44792202573316064,35.17856028435154,1
3.3174577812831836,0.47510690593377164,97.89316887365268,10.81233922923478,0.9319195962804192,20.58886788580186,0
3.4644967713501282,0.4910763313357044,98.43020337383552,9.990645621777052,0.9151909297802439,26.822725444349445,0
1.955980563038962,1.5909834111948191,89.8448498610505,17.65948350640819,0.6365627749528355,45.756968357354864,1
2.3127449666201154,0.8665259251459346,84.16525765610487,18.82110017065523,0.6682792257191378,41.06434476104413,1
2.5889077748431,1.3518722967917778,81.31064214372304,20.756939254923008,0.4725048935710704,58.226477097428244,1
3.306428001909546,0.5003686786613079,100.08762294395822,9.732018277442975,0.9709801502256818,27.022926070816712,0
3.2322838288487885,0.48464404869791744,102.9814522736999,10.143562082600912,0.8821485399596696,24.45201383634139,0
2.25659223693249,1.8637593118191726,85.67334584148557,16.395439945720913,0.3304731905772975,39.627902344155636,1
1.4289361257574424,1.0807326703524835,79.83542342371683,18.18595849305882,0.4253057229773237,41.6397781816467,1
1.732348269659024,1.145565279225745,87.59566883482013,19.445653789971026,0.4229149060026735,49.44753161316674,1
2.419330084321551,1.575852790328245,86.67627384210236,17.52816694137575,0.4299861782072839,56.127778864011205,1
3.326105527217989,0.48042472568435385,96.00359863093578,11.02874773485585,0.8464071383479923,25.422567384558945,0
2.6504106992113026,0.9321637453524347,74.54104174215229,17.47450650462699,0.4614049999073316,54.41747970547471,1
2.044245586428528,1.3612889708849638,77.97389397741227,16.520457672054064,0.2975340395928153,40.19098757864923,1
1.2843620922695274,1.3092420888163985,83.26295140043038,22.309857354766283,0.49836992944475417,38.55360276092636,1
3.2937320902726825,0.4951752788428734,100.61766602519793,9.113483765896559,0.8541904042259378,27.411989033093633,0
3.3013001891877907,0.47778848309068345,96.61408637160923,10.608579260412748,0.8196169486440971,25.699300094599387,0
2.9381965136041015,1.1506994382343827,76.55928505458644,18.97236958312388,0.5119360302413248,69.78639547257006,1
2.321501065223688,1.2800455188886206,81.89405557182769,12.171488020366118,0.5075341548748521,50.65625887688628,1
3.2708306250206722,0.4819136674979118,97.95441486960318,9.440191283355494,0.8754181907183977,22.738223129348167,0
3.36228499323475,0.500928730963123,98.48640982286108,10.223858462905138,0.9670230525895174,26.50115833504353,0
3.397511973341775,0.49930630225226436,100.29733491440422,9.69378131267978,0.9445191581759893,24.513232041249964,0
1.456418215707875,1.7136120852053676,77.12005499346388,16.821775734437747,0.5013175482347222,50.100846497849666,1
3.180869650279735,0.503961695215357,101.96353097398318,9.49672871736018,0.9640821897501884,25.34367867958706,0
2.389928642647566,1.1317571220139777,85.57823172307431,20.620383816161794,0.5102108403872931,48.671952013394325,1
3.182528033903301,1.2905100026705205,86.25702335192753,19.98756442906088,0.412037727666684,25.770651191195757,1
3.2579354677234638,0.4815566935164475,94.20748924361263,10.687438209574092,0.8548974222821245,26.23942289193227,0
3.297909840603585,0.4913100754513537,101.07301968714081,9.098430161872027,0.9997833744891982,24.809071505821855,0
2.5757748852870215,1.0982633162189883,84.55263641182229,19.046446371474065,0.5719261322002412,61.67770336984813,1
1.9138404735310386,1.4799384217023208,60.938941282449946,18.2526283989664,0.3730348547811532,44.16025833949101,1
3.2884351717611757,0.5105960835583057,102.15736166686258,10.830629607273934,0.8737955801032704,24.56596589915126,0
2.4327084118458893,1.2677284569335263,84.52139085176077,16.011142956400416,0.6786628782160216,45.85766369632107,1
2.0759557463346137,1.1039106586390073,93.61478515726144,24.22582040208768,0.40224873167653763,35.260769652024386,1
3.349799829124545,0.4840340551092309,103.42341696028468,9.892539484855632,0.8725856351754699,25.91677340710297,0
3.152147800963257,0.4505671099974542,99.65474540011836,9.69889396981911,0.85887900338089,29.853432972691046,0
3.4368631557532345,0.4695362619043245,96.06728682124799,9.54030770420679,0.9257127378008918,25.504480792853354,0
3.2446350694652817,0.5113953456046441,102.5795055081655,10.528028404533027,0.9249842555151467,27.27124029436589,0
3.228015579160529,0.4840620948905905,101.76731987497334,10.234387128037511,0.9560515333662236,25.86591965072139,0
2.8181677028529895,1.193316306244886,77.89784390769168,19.44380697087628,0.8033885345854221,51.825612360412435,1
3.4876170839215885,0.49281415818425883,103.12302239345371,10.212030522232045,0.8537883427865848,27.776675556416897,0
2.762898323771095,0.9369678656364465,73.7554955691497,20.11562836164159,0.6100321720258799,50.82814914811629,1
3.5060747924881985,0.5214726349971954,101.07659215809926,9.010350094812106,0.9523658853310725,23.56233522478254,0
3.3199059695573467,0.48545725648350263,104.63865907996339,9.694115454547358,0.9339686641478252,24.48764049500924,0
3.430547880715433,0.5206368907893727,100.02070523968676,9.865734676047083,0.9332962126027231,28.665114086958404,0
3.3491919171506503,0.5101454806221459,98.64456926049579,10.003211134905468,0.8535244569903795,20.7388670403856,0
3.095776651102367,1.5028415365787906,76.53247493086678,19.654230857131537,0.38537198200432304,55.06095245087488,1
2.8949194890903422,1.5108262953138767,91.03786638454247,19.17571177627547,0.5384255908541418,36.17452495013525,1
3.1587696298664705,0.5150277424674358,100.84833189280383,10.927046283167094,0.8380370802573264,23.297187131479372,0
3.2346670767426287,0.4848923413529336,98.46005353788271,10.250547084969922,0.8334843187130505,22.697971832760985,0
3.409877685198719,0.4912053788345165,101.63553259840057,10.073396505992775,0.9897605677956162,23.728884317191195,0
3.1769135683566043,0.4740984245587277,101.40234548462179,9.466233542872864,0.826623736712378,25.795854099893617,0
2.080490240311228,0.505156841109337,85.0684486465948,18.03868814162351,0.6436898082823526,44.57995945169078,1
2.4041230958424844,1.4616946140085352,83.71495104379605,14.737329779165854,0.3089621677105101,45.36805109389073,1
3.2142842443583715,0.4774189645756554,102.7840045726892,9.987902196804542,0.8821277288594787,24.39590900102027,0
3.313074057728609,0.5362489711599385,102.47218635042087,10.275742688020234,0.8959238663449177,24.607066833143804,0
3.1932379570617404,0.4728028771804016,97.15637866651632,9.21456192396575,0.8350209381536201,24.167611190229493,0
2.7394329066566967,0.948923788861116,77.2420502429226,19.155957047279113,0.6156125314428181,40.16912855010436,1
1.7136702773645882,1.0426298958698847,88.95251135180416,20.8138694917835,0.6739759949582517,52.78980984681894,1
3.4896792982653944,0.5300798597716537,101.12781824010472,9.74761253938589,0.8371211070542692,22.534953370462983,0
3.267233785340223,0.5066732421057389,100.1038917716146,10.451967420543097,0.8430583441109616,25.11604546961679,0
3.1387284128810347,0.5148652818804543,100.82759819490299,10.307683742006526,0.8909387913390949,27.9633268049252,0
3.0932557899960123,0.5130040235591732,100.36204311740741,10.134563470622554,0.8353868652447191,26.280959590401647,0
2.6769503671278736,1.6887499094702836,91.26871731838885,22.15013007869708,0.2600907856708533,40.08368973047124,1
3.458601681614535,0.5076039570201193,101.41621735337718,9.247639812984499,0.9597054701523686,22.59359828922171,0
1.7438896181754746,1.8126228120431231,96.39596656997558,20.561879153333454,0.3891953752505656,42.34854902974798,1
2.312722432092086,1.6357850236458538,76.27833274560456,15.10958947117555,0.42347587795246744,43.26272954290515,1
3.3346448209496975,0.5225313005909551,95.69321977279257,10.162898158291084,0.9830735082864009,28.038567847283538,0
2.3527946209179373,1.6180363582573294,77.79462893990016,14.622989623862999,0.5359441277358497,32.43078119105694,1
2.098798079540573,0.8471479990335657,80.23572051852912,18.169010291385725,0.42233638291666703,44.12781264029229,1
2.489674501952666,0.8400907414904075,87.21265204472839,21.18533999656577,0.5900319448616417,46.086875392653255,1
1.618633717357694,1.185291197748589,84.82159773025558,17.562267496528747,0.7435827489216729,35.140550086687995,1
3.3150393786476204,0.5369341465147207,100.59858516081299,10.140080579409803,0.8620752332649966,24.00053964769674,0
3.2857620514978705,0.5149250713205444,103.00266730391097,9.436616265545098,0.9414866208939587,22.739861321919285,0
3.3595157025436913,0.5281869488037116,101.05938550871346,10.038425941479383,0.9389468251756057,26.690315942368642,0
1.651678886342396,1.0706623291274702,86.94824163349075,17.541235336289066,0.5488366725180606,52.509120181431555,1
2.453039456907566,1.0157030567711116,92.52945493135975,16.3872461417639,0.3419246756953481,47.86675608860803,1
1.9287253995711175,1.4036840963286699,89.13557212598697,18.433366237928574,0.8277642342554168,36.55488408161123,1
3.3827183249036024,0.48444366624818247,99.43864984626646,9.83883976539433,1.0044769360847388,21.07474861665484,0
1.762532990604724,0.7754198424227436,79.65323844122558,16.963494722277595,0.42102024693559353,49.04588345978239,1
2.337583873247691,1.5515153744148478,93.29042313657983,18.48248049681346,0.49862264699222913,31.604244316374036,1
2.1655325931079243,1.4988354644733386,86.78616668736208,16.955736859960016,0.7383410492666125,41.90766707281792,1
1.4014409074435044,0.6757090470515215,86.58944007637926,16.128807402475147,0.4643475024558524,47.07015844195137,1
1.8030942959656475,1.0903482189044202,88.23370292221865,20.36313543283829,0.41906131688943027,33.94726625229135,1
2.619189425509658,1.342629204757987,80.36700712291403,16.174378161406974,0.4232354663086545,32.84824175349348,1
3.226963336828286,0.5039169051019536,98.88501642998433,9.888267008814074,0.8657685087119998,27.46174902630947,0
3.156413784882056,0.4887506644821146,101.21827624181435,10.847525520215376,0.8756385717943224,23.50684330691952,0
1.647965855132,1.2807884257742201,84.14188187351246,17.63229221368158,0.32024118125719325,47.148748648354385,1
1.9887625516108673,1.3757712603493948,89.32726814848792,18.535687275732666,0.4692073970755623,58.37078060349981,1
1.792938717495842,1.5690666526952362,86.78522443798158,17.588744292713503,0.4050152904927534,51.171214359230135,1
3.395042383818605,0.5118130966138462,100.06400829813154,9.763080326464541,0.9445099205562394,24.229956376574272,0
3.070608718231875,1.2052839755800973,88.94848163467434,18.499096379196153,0.3772092460009882,42.44922915604215,1
3.2102745628514167,0.48162696107031605,102.43752370339463,10.11660806563175,0.8964200374070966,23.15106802374089,0
3.236217360223441,1.218025798384549,80.57528146468694,17.080470768339048,0.6031899458077142,58.38753508498388,1
1.407006028800501,1.500489547562568,74.13985968126453,17.980310382699233,0.6204732113921033,53.053840569816515,1
3.187535790816213,0.5043830065532788,101.11246001880131,11.115650073096315,0.9768965959206277,25.71690723641924,0
3.143023524768557,0.9430505287772403,88.95764523020026,19.318902482227223,0.3792357228454237,46.7517113268478,1
3.2514636452170893,0.49272775575572286,98.32930589348048,10.35472590856952,1.0049860894583258,23.815288088695894,0
1.4141631513847672,1.0405636345922353,79.09554333070886,20.78636251586981,0.6093595467503546,37.217883865919994,1
1.7334835022380055,0.8189816733863904,81.43245028911072,16.501284621154443,0.5301267639673565,37.16059540174204,1
1.1910103873064228,1.5205138001082048,76.21103659857751,16.77282478927441,0.2268859583296976,40.57458203722184,1
3.3791662693962934,0.48954279945693463,99.71182488855676,10.705466189873135,0.88064501487628,24.875991981267937,0
2.309102877943986,0.7165297922691516,92.56695714947317,20.82837457666218,0.48633862094704594,45.65591051059776,1
3.4083051243175273,0.48591312618914484,100.24459500606457,10.317360734280886,0.9359878971074092,29.02454089140153,0
3.2614917719583683,0.4968864552921584,100.79160706687482,9.898163124911518,0.856643489214455,21.24015122972191,0
3.2765863043050816,0.49025749232470606,100.7869707708435,9.773385975336362,0.910664685368647,23.34917894004209,0
3.1617200269035663,0.5114516556271231,101.18505389840237,9.627548677596776,0.9170025647284445,24.6894819023505,0
3.30917607765355,0.47042827508440316,103.00151958126862,9.632704211600975,0.8930276862159501,25.561272808980274,0
1.9757356909627755,0.8801295204302324,82.55504711145349,19.663233572360806,0.7217107847534666,45.125457891772996,1
3.3404050856814536,0.5375359162511613,97.92018814574894,9.523335695870644,0.9821336476627982,24.630949284688302,0
3.435387237416541,0.5029342737286665,98.0567719229787,10.799323585252358,0.8498021313959251,28.449393299522217,0
3.284006147003657,0.523780330622151,101.5183103206053,10.459577086805,0.8317022144399733,25.441082854027734,0
1.745489521184755,1.0884426353164003,80.22696753110615,17.848257098629954,0.47146387333801765,40.46635913555958,1
1.6418629497181376,0.6686794340735727,68.82561088030442,13.359368803539153,0.43852981343097003,47.46407921773873,1
1.5233337983971276,1.0644151884264366,87.45922855775751,17.048409111990196,0.49306081741004865,54.947246377497294,1
3.447535621694955,0.4888904576167949,96.39603912483996,10.887655446304755,0.9308502974788349,26.666667823560616,0
3.325755039072276,0.46442559502191444,98.75246207860839,10.161539636558015,0.8835690762125508,26.794132393774266,0
1.960094828811497,1.4850047486008937,66.02672511312886,15.319855857752131,0.8857992976242453,32.0575950894773,1
2.1294921107947986,1.8287530505427476,78.52495343133796,19.484917827185242,0.607360136175626,43.71664494419722,1
3.223265243711195,0.5358911572703557,99.58135264569627,10.697841905394977,0.9724249614946463,23.180633166036333,0
1.8403018140869367,1.0426012778799592,68.71023597715251,12.750365887251776,0.5920656283684863,46.94507724110791,1
3.2690787624148783,0.4913488362436076,102.34545803851873,9.598410524659828,0.9437194590356364,25.00675101319432,0
3.28852635585331,0.47440846066528597,99.59283927979527,9.915589138404995,0.9292206490236242,25.926577060236212,0
3.2018491348952045,0.5124361992443439,102.42619539995837,9.628764707150976,0.8456377030568599,24.01769250571579,0
1.7351987650962952,1.4346390004594376,84.49888338138211,15.815716813142533,0.5600353783290163,48.35007968101997,1
3.47553408424432,0.4794696940117788,102.1450146746196,10.373955128058768,0.9584794996213887,26.49001062575456,0
2.544518561139946,1.3164936016270348,90.56691071275029,19.086781655743618,0.40805250930939657,48.53397389102046,1
3.3825416348988027,0.5289395576870747,102.78041509803462,10.806110314127713,0.9115035379595702,28.47770270370666,0
3.308187413938632,0.4988610875255787,104.29029825554677,9.782256814715078,0.8876487149627001,25.247095391911163,0
2.030301399668383,1.769330105023793,87.46141322720891,18.712505577412166,0.6033746685611503,58.72726104906155,1
2.825463774139606,0.87078950430868,76.26303039721147,15.510914999830554,0.33556695126971525,47.88294972723889,1
2.21449819622967,1.6286573123440702,88.94389166811567,16.263478076803334,0.622905990220911,44.8568401839332,1
2.3457147263601,1.033164375971766,88.89844189635996,17.216246469226267,0.321835214012371,44.43823710785907,1
3.288546015474738,0.5241301793301671,102.40082781588885,10.280459723970619,0.9103633664699472,24.42510496119929,0
3.2474244978319238,0.5208832175413814,98.78857015399332,9.703767870423553,0.8975673824214775,25.915373172107103,0
3.388163975694945,0.5005377167798906,102.52516820685436,10.21596127233697,0.8040163421901172,29.823353351156843,0
2.530818062248972,1.2429146309636856,86.16669176172307,18.454991751464107,0.30039423030036105,26.871583246805738,1
1.1460962210613046,1.5541922737356433,78.09205116028053,16.08244308762645,0.4364360476965945,50.62514033776003,1
2.0264872882845752,1.1724465706995135,89.87124285003705,18.42279313494132,0.5966893148622765,37.85187925984576,1
3.3515047686306048,0.45836141184232554,97.19478945640061,9.933683126808713,0.8843470984738423,24.297171528572534,0
1.4170879222922808,1.5712961272535995,71.71133267546261,17.06300777327937,0.4231198834030175,29.76260245227629,1
3.3241962271566035,0.4952210390626718,104.15052174525053,9.641588839698597,0.8615428825106352,26.097767670634727,0
1.89425342771891,1.0101734910344882,98.24966601645836,18.85064261666022,0.5146740762061884,47.93451234628354,1
3.2172769056447676,0.5126586363551102,100.36671983955831,10.13016091938561,0.9204326405740335,25.388215261906716,0
3.298098379209731,0.5284100849597971,98.84697919854656,10.50029115902149,0.9605971992693201,27.435918304611118,0
2.456356014430666,1.0284761874131816,93.77840150034967,19.020314937830367,0.6544160833890561,41.800800079125466,1
3.3758969220493267,0.5220660376403304,102.49548414534746,9.95473335884792,0.9132939114826024,20.799946984696753,0
3.2536582307187536,0.5054091365155968,102.63478813126865,9.429155442933247,0.8196220067815513,25.963732123436984,0
3.1012431085399106,0.5228750808641386,101.70044348422698,9.59487378149281,0.8774905367574295,28.51724096839027,0
3.1831321962380468,0.5145153324779739,99.88476240593283,9.624104474952407,0.8502825312695744,25.16399111282712,0
3.3208863595004754,0.48279173269432096,97.54846867399532,10.256800053284858,0.9196207983589384,26.951633438689417,0
3.123695984463726,0.48792029626568356,102.7601827082949,10.613466611942155,0.907759534192949,29.17688554573985,0
2.3660030994109715,1.2104141246257685,79.95980016372884,16.521942683953533,0.4806448827305324,26.566304512448266,1
2.174044709899138,0.609323057275175,93.28354733133555,18.589942911417644,0.32992544647904687,36.66182729562201,1
1.8582192580767316,0.7881421645556808,80.13882923701222,17.092727224816635,0.29291019411505237,42.43691952450565,1
2.2121082021453966,0.8767871769045725,87.39718150269879,16.804664633490287,0.37807646144951523,43.41903625763228,1
1.8942866964419989,0.9103005589430375,70.18525814740273,18.992800235467882,0.4721113278576844,51.02735570801944,1
3.2062174960084877,0.5121201990269127,100.08118338240776,9.879371172690728,0.9236203138940189,27.090176948169507,0
2.847469113726618,1.4232557130945103,95.17513937550925,19.675528443093178,0.5680378285263827,47.38761451185152,1
2.6686572711823646,0.8952363519030064,78.6598124230783,19.478360989403136,0.5418199718578192,39.80508144308895,1
3.518980293321767,0.499671542078545,98.78876892052627,9.158280903889525,0.8793267419438362,25.584385456652747,0
1.7237823813234825,1.2218622294046546,88.93204517797427,16.074697976162046,0.7702145148899732,45.160851734952786,1
3.2025318329772676,0.4885267598623953,95.00118857025285,10.658557533669933,0.8444271021531484,22.648810788750296,0
3.3232049937357635,0.509849025280163,97.0302040631002,9.486162429537021,0.9548576355876848,22.80539494473431,0
1.6608384614101306,0.907390191816525,87.32717646072005,15.633887630531222,0.663816017597364,50.01147737963156,1
3.2525054688839043,0.5037353352895416,100.06816693651845,10.487598814891214,0.8550607975838436,25.482643869833563,0
3.2965288230294756,0.5021878958920979,104.80683117047656,10.149376454182843,0.8885700042329991,23.531652402443008,0
1.6310372117318006,0.719918668648887,74.0750607664788,17.885209269851927,0.4530997331401464,43.09413059955506,1
1.5414067691464988,0.8331314941333308,69.70687559478594,19.568005558621497,0.339611825936738,48.12902301546181,1
3.2786552848288153,0.48938006089996366,99.55046919621464,10.213597180935842,0.8803993680040435,23.921754593702044,0
1.5696974668016996,1.226009309824319,89.35376281872277,13.828204244533325,0.42497032743560065,27.77015540966831,1
2.179026744960066,1.377126618375439,83.02893277988362,21.33070383524706,0.4774078978055101,50.73271471807721,1
2.4394656450296393,1.1550177842762672,77.47680866812517,16.876315801296602,0.2001666639708125,37.62839181256863,1
3.309965136508764,0.5011144982457739,99.87172330681402,10.033927755263703,0.9357690657720622,24.113911957743035,0
3.233821353523161,0.5333094888892516,101.13796615837055,10.475153795986788,0.879648184353661,28.10832084142955,0
1.5233247447020204,0.9019923901254148,77.1227617212219,13.8992850854316,0.6044484293120486,49.080994890000596,1
3.4142822814515017,0.5096201846347342,100.40219809342993,9.786821201897228,0.7718833170602345,25.914560809230483,0
3.6078880808455236,0.46832194353028556,98.2250156443958,9.613561166088196,0.8330697100138376,26.086958757340184,0
1.7081232394377859,1.953466965475327,86.55873872216111,16.067686553259165,0.4593027532897554,50.109417119042405,1
2.5077505112221314,0.5766564540431409,78.558625986057,19.42282115893099,0.48071805601220646,54.22118482609354,1
3.4179297184063824,0.4910713277089894,103.05693685282506,9.915928090707606,0.9195347960464072,25.19613507907789,0
1.8323416437161706,1.425329836352193,81.33089091119132,19.133543452368357,0.8123990483164696,49.15034413961377,1
3.337569801834567,0.5009616989332276,100.24006265343652,10.771621764136095,0.9619473176469719,26.213701186431344,0
3.3917861947054773,0.47296630788767335,101.66705792321785,10.338937659765454,0.9755577465123674,28.14603945042971,0
3.3812525822394197,0.5240242784432789,99.27511811719374,10.368421948546217,0.9132681174699815,23.209307355273953,0
2.036172659240905,1.8552290200141368,94.19737615102997,19.579839444361703,0.7556888139946065,39.26741209260716,1
2.951257329064803,1.593595121572184,79.36217251511293,17.40163645514513,0.467049582147356,40.73527678387333,1
2.2262844229983116,1.488091438884441,87.8029617310907,17.102914326944276,0.6445860401113794,50.37911470089106,1
3.3186454314769427,0.5196538196789102,98.89282351658402,9.466098539210403,0.8523030290301677,25.684675668979242,0
2.6413455269435366,1.3500721408309708,81.09380926038764,19.315526352300747,0.38986500170434435,43.18315193775259,1
3.2549934528520756,0.503821981360398,101.99209537161163,9.946348927997885,0.9836726045149269,21.96565260665664,0
1.934939953016775,1.2949074964608434,81.33893400529908,19.461917952752433,0.3174654934489749,44.14422824113216,1
3.3611676288840866,0.5050884168660242,100.52134753164782,9.58655982298007,0.8848136985611668,25.779228354741807,0
3.265728548347323,0.5173921184021132,104.17674940956145,9.677017910437732,0.8565168459362653,23.72927522234874,0
1.9578076751967455,1.5272585011811093,84.62103437964451,13.64357736053714,0.45877965428709677,68.41816073978664,1
1.6635194547731498,1.0507287484844379,80.81014957782862,16.050386848154318,0.8881863460296027,43.68606411974375,1
3.3813509636000636,0.5039310955302315,101.11562061270372,10.448419657932766,0.9248871544545697,24.357514467764176,0
2.8943134640217982,0.48290868975916856,90.44184166734104,16.54365619806037,0.4188489701325651,32.64452921401404,1
1.9057396124084955,0.8478360106773082,82.45409977805903,20.28858613711988,0.31482320023664057,40.10693010644353,1
1.035632952792594,1.37740477252752,82.40745459832824,19.89762619294324,0.36425782505929005,40.855447844199546,1
3.3625667347765003,0.5144334412808647,100.35978830230695,10.201865045168304,0.8904980482499253,26.358285550876392,0
1.7526998154184277,1.2937134631399714,70.30912172983682,17.057368557697764,0.502403792344274,33.17162450400961,1
3.280966132191639,0.5128168572253402,102.41673246118629,9.55906267438614,0.8860119915752083,22.51647884903675,0
3.3010233061019587,0.5194510889925346,99.36718310061039,10.097303727618621,0.9017076208744013,21.902763402272505,0
3.3077368307647617,0.49505645234958806,98.87150480268522,10.594456685737322,0.8753438588800114,25.14407372256749,0
2.3256126596592543,1.2118341144722218,75.99156831271159,17.922514210020914,0.5093497024428685,60.18987985084191,1
1.8644376740910609,1.03991990806825,90.0666146085699,17.86093542751546,0.47877055439932287,43.86593956777969,1
3.1942289071044097,0.47577967600475085,101.29439187940548,9.926198706850666,0.9252735079583314,23.162626977027813,0
3.3280991867735032,0.49859668577082705,97.79326678765226,10.15958725520959,0.8701244902654179,24.087758345051622,0
3.300511345664246,0.49111413479847776,101.83265534940496,10.010396853837705,0.8223120616991968,27.40015791285372,0
2.1363402621646705,0.7371595454371063,79.11839172189403,20.192139814954796,0.5224396936278182,38.512848510398,1
2.6863784226337226,1.4469839747033115,82.6659309419317,18.768404144011793,0.5626197634731942,33.76146444857994,1
3.375193303268677,0.5044776804855826,102.10130879201522,10.574222854598377,0.8904486118699916,27.91164464429353,0
3.3538910043684655,0.4943779941422809,104.01218577631825,10.535075119158213,0.9406602593373989,25.154961037037726,0
3.2171004989077927,0.51876567611952,98.66381909271391,10.950595342876504,0.952597380886146,25.367669032645008,0
2.294489364676092,1.4078567267453435,98.0371370489024,18.111727879688996,0.47987296839846133,40.91208663843418,1
2.2289879906105905,1.254750309179764,76.38656698023189,17.97180206818666,0.5315454560332993,54.57528759009082,1
3.3068562974806026,0.5305910063892123,100.84384150847058,9.576821672504563,0.9009808328846995,25.92636959053517,0
3.1241260513576883,0.4986849947785402,99.44637340022216,10.979173727110297,0.883296138451003,26.970899371230438,0
3.304698059376474,0.525569037252146,101.43790662133013,10.184821096099046,0.8864172444836974,25.65901747114602,0
3.3679597748934675,0.48443390549195375,104.42104600318271,10.919091838397561,0.9503756844918462,24.029388329264265,0
2.1977408657766455,1.7007208577478994,77.9657377407041,15.945192896947978,0.5801547347954575,43.784260941471686,1
3.1081228784700956,0.5130873131270811,99.61863519847331,9.854094365542228,0.8727942998942904,26.30304398267901,0
3.189366502599397,0.5174224940686338,102.2975314007442,8.787879869863529,0.9195232424964445,23.149150747880824,0
1.7911791615331518,1.5172104916134674,65.58886343571834,19.05379584733159,0.4113072816797158,36.62273945047788,1
3.3482472415243185,0.5097874912245584,96.85899879275365,10.162179640860801,0.9686424237338265,26.463741408576592,0
1.770875793833076,1.7573107030613198,73.67018355365883,19.89042306922297,0.6881507541136009,39.006626187174064,1
1.8951567036852515,1.3600077734116347,88.16639078967798,17.834569952207012,0.40468851796568944,45.54697252774127,1
3.3153725105945524,0.4749777284722939,101.1049799088343,9.661127514737574,0.9009573888707876,22.375561613137187,0
3.123431097859779,0.9789689592157134,92.00935333752986,16.3529300587483,0.6677824916382988,37.7889945608226,1
3.1047912200477494,0.5216156145110924,97.33753409288444,9.271224250267535,0.9231030446625949,24.29615736436698,0
3.3060230209941026,0.5055993725263964,101.7401354613775,10.44155488857358,0.9020459587697861,24.597016932104964,0
2.460567681272791,0.9720890647559138,76.36210942979321,18.03876247539605,0.6048379527621184,38.31126663824299,1
3.347359243063518,0.4914623786010516,100.90706860302797,10.514980408790581,0.9295907066870689,25.622617346885768,0
3.309767609854883,0.5131708854534566,99.11343549761698,9.454516784892402,0.8441737780025671,26.06963467269182,0
1.9941665090344116,0.9344253941627332,86.48550864334992,16.698680345263234,0.704506477030751,60.53796475805039,1
3.279187774964272,0.5085923643826518,100.77715720906193,9.062413765177128,0.986944983189879,26.19005893167113,0
3.23997831228412,0.4950496272889699,100.78663567878874,9.981481601475794,0.8425602982420672,24.51700510825844,0
3.235724872711398,1.3288022468405203,93.64044847311447,19.34182249655375,0.21608567336149226,45.30033473189457,1
2.6117653220926726,1.430651902790669,94.30270862027989,18.618094886065307,0.3877855903067529,33.99591288345006,1
3.3849602097021023,0.4744650284835938,101.67698154890329,10.335670038225233,0.8595867139179537,23.14660338230538,0
1.1244490679806876,1.5718752019324684,94.11644428820375,17.080686455454007,0.5126777713722991,54.48916379233839,1
1.8910452271170548,1.4574042585906435,72.4329483429927,15.622073160930077,0.7711412761653895,43.840971504416906,1
3.3296984673233183,0.5139241272962684,98.30607730336334,11.294781821009307,0.8178405594422916,26.804554347573294,0
3.3547097381170037,0.5251151225114704,102.17179113166316,9.209404648983933,0.9267252824240275,26.830780551120323,0
1.5926202534070741,1.2293011130245006,88.06748025122916,16.392103170545038,0.5282713641527155,38.265426945054784,1
3.1964757677580624,0.5091350643830757,100.76231676976556,11.568874266829997,0.9119702250267688,24.526889425562107,0
3.3473237624573544,0.4951934920368373,98.03502521292339,9.767691351350804,0.8288021423774927,25.938535179617052,0
0.7984314560863508,1.6921843690464862,87.28642629435787,19.774159552892574,0.5675919574147082,57.98605352422443,1
3.2174502803207488,0.5310100098562816,98.77319467291812,9.42813689633967,0.9250332860690605,28.808273179146013,0
3.22408673384463,0.5136378297925263,101.48419074401862,9.986797121520537,0.9016398497705793,19.50499031454953,0
3.2014273953664456,0.4749692115161911,100.48150635897714,9.54713384956869,0.8966410854975323,25.93334196393216,0
3.2765846625276662,0.4869871486175635,101.39644662722718,9.914907688737536,0.8053192666523108,22.829698946884402,0
2.8445565541641447,1.4131647306893356,77.28639942861405,15.759905155060256,0.6099581422198997,53.65211269039793,1
2.3758703999554602,0.5349543481937806,84.29527004776742,16.20433986714874,0.5597220897683806,32.977035130540884,1
3.2765412866624852,0.507546009860897,100.69297695179598,9.635998529385432,0.9408944829012514,24.016195104987588,0
3.3035263551971727,0.5265830506026487,97.55140352742127,10.142777037428829,0.9371341209179861,23.7828205535206,0
2.2083124877023095,0.8348151923338561,77.20702523026905,15.209102990489857,0.6286848237937015,41.71585213816216,1
2.5203672410647746,1.1737694013668456,87.0965344726938,20.125314581575054,0.44263214034960646,51.38280561105711,1
3.4523124077269656,0.4799675998021017,103.08421990513575,10.175724103770792,0.8371746552860372,23.096163079955527,0
2.109409524870299,1.5350501326589863,72.58790200752857,17.896954142950708,0.3445536128939345,41.434797575760044,1
3.3115674634292858,0.5037321824631271,100.53718455772652,9.689576200874441,0.9170294608200249,26.337309609515813,0
3.219150639710681,0.5036373251011699,100.7638709044631,10.214408250165286,0.8724731575254209,27.19293846762177,0
3.297348612455078,0.4988883065817909,100.43486574635945,9.218404595651672,0.8918603546963854,22.724628659150365,0
3.2964173960890046,0.5065385474752833,100.15364378212051,10.146778966083314,0.9044328795480719,24.400646703986425,0
3.382206015999449,0.4949004556515829,102.76854563702103,9.500348883852544,0.8594571244394831,26.696348425333337,0
2.5209918477260636,1.3224158540510267,84.51677016642473,17.502768292466644,0.8413738141471456,43.5911005283211,1
1.6272465600286345,1.2636280059222524,86.01014188987254,14.101256489355153,0.6138236624245414,42.93459889574852,1
2.6506614788678813,1.2516763159233113,81.13737927354465,17.713482169271614,0.23390455758318057,48.22619650429738,1
3.2797807347566104,0.4821078539556099,100.9493964657599,10.447519157038057,0.9443827712936919,23.90091945080893,0
3.2181779316766526,0.5459779624723851,99.85900244388182,9.88757200909596,0.9228886433075943,24.90220563305179,0
3.10867197553422,0.48184872675916807,98.62162436382087,9.06673169146347,0.8530048449445568,24.490088412892604,0
1.580728089578014,1.2448090446813567,92.9213299116743,19.40688026627779,0.36960695195170346,37.99326074803912,1
2.051688164992555,1.1573560389178361,92.8910120472475,16.2876603186765,0.38508187540839933,31.157898156125242,1
2.4859600774183375,1.1455490513592999,72.65505417645704,17.429811485915973,0.4980043046932047,47.933971263138055,1
3.228564858197363,0.5011843686802898,102.01963417868527,9.852299294930486,0.8691819295980261,26.70905045413323,0
0.6839222009447157,1.3273181813583037,90.56934397727431,18.688107843126932,0.8063266865802097,50.01230690669554,1
2.0595607510672695,0.8693190778632434,95.27053487882849,17.837908070556512,0.5572601253443764,45.006044059636764,1
3.3096995964992715,0.48965423099799255,100.11329984979422,9.934371516453847,0.9219750615310114,24.442233211698486,0
2.201164398211401,1.2962357177798052,72.6993216284066,19.61783853878544,0.5914289067812901,42.24748834636619,1
3.0698078835264413,0.48637896685050236,98.78043419136124,8.52980568266786,1.018193624730968,24.862731907829062,0
1.5645737906577808,0.5944536406834086,80.11313888155948,15.907757829874992,0.3415953800049999,53.182731772406115,1
2.980594062433687,1.396492675266507,83.42462553602488,20.854610728578432,0.3861543951644983,66.62422051524067,1
2.1888750531340158,1.6960851805476853,85.2592561067211,17.927338783915317,0.4544560890652999,39.41824876881404,1
2.624353563208282,1.5584288585630812,81.36164226097846,17.96677931534818,0.262635803896454,48.122929555163005,1
1.6985877780245788,1.3747713956426415,91.55940202108188,15.561431066955613,0.5242547790057129,50.72394477415588,1
3.3959270826085204,0.48538139920116163,96.77287720424651,10.38983026613467,0.9250891368083772,23.8307645386856,0
2.3848801785993237,1.160981911933914,93.57543892169437,15.964471381846094,0.4404015121172957,24.821776660096397,1
1.6060633295496256,1.3748212749521593,89.15921711623002,11.65914852824389,0.33900079516656567,35.28155091289085,1
2.1947399106105405,1.1633828603636167,75.56432268393776,19.915679262216536,0.8102339062258735,42.75099612089531,1
3.266549876415905,0.4854851237369307,97.55211946647549,10.119184491367392,0.9052177968761607,24.406785081860402,0
3.4003532897892024,0.4798382737816519,102.32165357475704,10.257969608852049,0.8932860418906848,26.302272483647315,0
3.4564643655814002,0.49561798942382274,97.43401555162286,9.321709097688297,0.9098657853702798,24.89959076591651,0
1.6088529828726603,0.8282841892420072,62.287370724116585,16.24305239731588,0.5807652435824678,46.68397039137203,1
3.3296120277064576,0.4946025012941326,100.15727038063218,10.309577130502598,0.9335240308620607,23.786599410469407,0
2.8092656725740186,1.375849740117835,89.06886698586753,17.46879087942779,0.736060132483266,31.99564773150351,1
3.087610427569019,0.49021121114963556,104.314616426531,9.382825564060038,0.9171893940774943,23.78626964428565,0
1.586815396167054,1.4936668675670337,100.5867411583185,19.371179492596834,0.24471466549724968,33.051921773974854,1
3.289123985154314,0.5309501040266013,100.23916073682831,10.396744360276106,0.8238820406891054,22.795415700327155,0
3.2747431848606836,0.5229854665257135,100.33872164807215,9.876968755935026,0.9340108052725224,25.506330476075963,0
1.7861330469577472,1.2543188228313247,97.0730481072364,13.819394202293687,0.4092265646591004,31.022226664277955,1
3.2684730755359652,0.499247305951503,99.41010064341594,9.732335907023039,0.8764978926120249,25.735298585982843,0
3.2776537214674146,0.4755574438221611,98.02074372685932,9.410480104420099,0.7894069044335247,25.670116058168237,0
3.204445955939957,0.5085091512356993,99.25433369581647,9.310190917605535,0.9859688953103649,27.544707000213535,0
3.317136828118997,0.4774058629068476,99.08223147426212,10.886125798334872,0.8795358780943449,22.48299017864933,0
2.1385782481088587,0.8678529549592644,71.6168487895074,18.297753607835382,0.67433893962585,37.17129288009077,1
3.003598321818943,0.7569225217404296,86.08270678313832,18.465736174853795,0.48981929274507774,37.714839302540085,1
3.371400049409209,0.5142599686034478,101.88154237597644,10.593839694230782,0.9766716850648163,25.632311914365555,0
2.3098049860120593,0.7561667330580828,86.77246778899368,13.656857190479105,0.7556153117088676,48.06122841181993,1
2.0730475754971307,1.0851548431161093,75.98003120837569,20.640828019567667,0.2734938182022122,38.48195197741161,1
3.2191701714644845,0.5237678654689617,103.65201942709388,9.597064966751905,0.9130140253291443,24.62534196318725,0
3.2177779604433567,0.4990107258069513,100.32114796209973,9.935731244280534,0.9349414210101268,25.59124897749419,0
3.3662130674521045,0.473293112825798,99.6950603272389,9.958447213685652,0.8661217673832172,23.700469546303466,0
3.2377300480179403,0.46678078132968015,95.69421881409504,10.670225223011572,0.9711184930849254,25.362853240227942,0
3.0380254895910253,0.5165881116236698,101.99253363889429,10.233214991216764,0.8691174052282825,30.24158618205995,0
3.180212210741115,0.5089541712003463,101.34636270253992,10.11161945706458,0.9236001135459637,22.787412975176732,0
3.2598779528114163,0.4922459688012803,99.68294085394606,9.168754005982162,0.976686385495825,24.384383057722232,0
3.2437712470759026,0.5151078245165152,100.39582156692529,9.939126245808358,0.8903086930613598,25.655759048318714,0
3.4964725132916388,0.5128544551973508,99.72308803203245,9.972552999691857,0.9037977633958044,23.350971676944653,0
2.3350220936841013,0.865786064951402,63.95415890536749,21.232600085443835,0.5185219713746891,31.056419756106678,1
3.435624002857082,0.49183849253956896,97.76066021074772,9.859336221440893,0.8708620671194209,24.183798321679557,0
2.700130874869415,1.3508234422472443,102.35949270464434,17.024589254102512,0.4913138375184637,39.03246298819519,1
2.441034745031316,1.5976296327285235,84.07820613958242,17.00693652903606,0.2702697027134535,43.59093197159218,1
3.2779030400466773,0.5288023443089894,101.17715680884122,10.044790340627625,0.9443645418633371,24.482291199260338,0
1.0363862898242524,1.1452293076861375,98.10687785816752,18.257234900809934,0.5804620849837014,40.52362971768425,1
3.5190455625809975,0.4897756864713763,97.70730921396262,10.540024032857325,0.9273559557587605,23.27782417965286,0
2.0527706427789987,1.8910916256314367,84.09215483294287,19.09157342706471,0.2912062428572403,38.96910309047231,1
3.5720169166589617,0.5254311018998832,97.79282136556846,9.784189843640975,0.9003399922279999,24.4731035678355,0
2.178346864123262,1.2147924994560668,91.74484265858592,17.75331187190778,0.663527520653067,45.27910357671527,1
1.3263480055308174,1.1816988084433848,79.96092358108952,18.531233986345068,0.5731662231626508,24.74584546999349,1
3.3357015485965045,0.47837886919183475,100.16365871709513,10.106598314118845,0.8584777796721718,24.937121659250447,0
2.3611253180088894,1.4662511902242177,86.81347398795678,21.06896420358903,0.5160586179488446,45.8233391241859,1
1.7963227833938944,1.7566509944382789,95.95760886123348,21.327465664286947,0.5050854085523506,55.01826929565312,1
1.931872630659464,1.6399622577835808,107.51723555578042,17.885218593996914,0.49669477039935944,48.751824625187744,1
3.4549934405017537,0.4669028665626846,101.92817433657672,9.798175768379002,0.871319911355155,27.143086304469772,0
3.318334200573835,0.504475759032778,102.07980937479215,9.895389063127736,0.8336976156958981,23.664440887062227,0
2.738482693044094,1.2771596911067782,73.12754668060532,17.770718328987215,0.27557617802530254,47.37969642494253,1
2.254999491582778,0.8119477124387713,83.20544823297516,20.386225891702054,0.8487009958779227,39.2082821562577,1
1.8353339437758147,1.558377666154119,87.548168038391,18.43860467440087,0.29884029300476467,50.97584672083768,1
3.1551915658502674,0.5057833728781563,94.89215773019609,10.63285392043235,0.8760581271995798,23.822266346522607,0
1.668058519705117,1.5777699719360396,94.87801531235836,17.983773596776498,0.48273354591151413,53.99946036242593,1
3.332416635248844,0.5016456797855084,98.78097559568144,9.894434880586152,0.8720849123026985,25.787594596432502,0
3.2060120213672643,0.4861618386023751,101.17272803751018,9.98536859315751,0.8882796099841839,19.017728058198553,0
3.216078247677736,0.49024787551855015,99.9488918580171,10.456792313116624,0.876188956322767,19.728504521966244,0
2.2838099201048556,0.9923249012202311,86.87078420631678,16.930486658311352,0.37734764050923,43.43371783225135,1
3.4477894044741513,0.5126556373221257,99.35672989756523,9.492089090510802,0.827807259193323,24.89375869396491,0
3.5153182457511556,0.49933746054252404,102.94234065498722,10.655154373059805,0.9558699407951231,24.937882134258196,0
1.9061500417957196,1.116002009437656,88.84595663814387,17.228654738044305,0.5479947786717745,31.66589274568642,1
3.32140937441302,0.4783787334480021,98.79726471209757,10.435648648728622,1.0012154811643426,24.921385424744738,0
3.3822544912103187,0.4869632778439568,99.03362707540126,9.766981749065879,0.953010495374944,24.16526637278983,0
1.02380822769541,0.8872266915988272,94.27504834640418,14.618656744787096,0.6540341927386871,48.65859424869412,1
1.4989252369619557,1.166061584245278,92.69589751257473,16.924708484440366,0.4792231633089163,44.76626875316812,1
2.773112878101374,1.6584094078163498,67.15625584700433,13.617492297669438,0.40741816300280576,38.631486898234925,1
3.281434102333618,0.5415080159729088,94.30291475873985,9.626394160426088,0.8931314105800302,25.171374322806717,0
3.0148101008580435,1.154485669926831,84.49501589511001,17.034180321078964,0.7596754447650949,43.653926924099665,1
1.7358638987966937,1.141115804583619,78.788006876056,19.935652048050407,0.4164304141141653,47.570331766059105,1
1.9295460613269602,1.3480964542929452,85.37994774601314,23.098019417435445,0.556318378644088,41.23837328971751,1
2.3161314753170776,0.9566997409113465,72.84871339927946,19.274649366046145,0.6361943470440573,51.08404895667314,1
1.9809447818439732,1.2966246932300955,92.98105661536195,15.460002805212248,0.6878811096543846,45.235444733420415,1
3.3856398794323472,0.523186596067285,97.3319490101636,9.762548171688739,0.9231086333040972,24.5118390526516,0
3.325988279424842,0.49508513871828114,99.65385635143227,9.46880323592656,0.8888398872682598,22.820733925315224,0
1.4322592154500544,0.7882603356347697,89.74053819077865,18.75881079521022,0.30886518213848074,51.7342461982721,1
3.253427024642974,0.49899523781101723,100.3951992093848,9.90317027036014,0.8618637610716893,26.094529594755933,0
3.3542560043585965,0.4833809976717792,98.92952957687886,10.738765040527632,0.9468785068813279,22.35508408651286,0
2.3782765622668793,1.0494647421565404,74.06513309375339,17.571864604544277,0.6099243622732617,41.13106288355651,1
3.2493056824628868,0.507648194923681,102.38129254957268,10.046422450570557,0.873698257866621,22.66444089746413,0
3.3357112571511744,0.49169424172198395,99.30148459136315,10.574318674714357,0.9300603374464558,25.77831839133586,0
3.366967254883004,0.47859830467347697,98.69728621241634,9.815194831978182,0.913174360766553,22.704617220368664,0
1.1710492743008565,0.7577603603873683,84.5398579759563,18.195626586186616,0.5635834223665979,37.18879961068962,1
2.8517099142144997,1.0348344204874536,86.62588763668825,17.388778771692394,0.5623739944183015,49.72908894339146,1
1.8940883155181714,1.2933329973429586,91.80063465934043,16.121073516028034,0.5440306294952961,51.8089927870419,1
2.3253017064312695,0.7951271365345403,83.3971793776467,19.372707110029065,0.33894670116233716,52.18935328271339,1
3.178581138721227,0.5290676895423541,96.04906686729225,10.220970324784705,0.9334370827796257,28.408211032510984,0
3.336139560550841,0.500368367583791,99.90615884224164,10.397132339810913,0.9482698742295586,25.076475989920056,0
2.317987694750023,1.6844336372129554,83.99860457293468,19.289036983290583,0.3722690030331022,37.850031847330285,1
2.2418755118307505,1.0133895583336856,74.012776888242,17.838165324674623,0.9403486853491667,41.4163092924002,1
3.2436275447196024,0.4957202231154898,100.34083244475097,9.89594157136373,0.8669839430263276,24.681909579199896,0
3.298148686400761,0.4833528885379154,98.90751110349504,10.696232650032165,0.8815361430376899,23.564162218504798,0
3.378708460374245,0.4890628211751922,104.58188514518149,9.940965736504461,0.9123252389216002,23.20986031544679,0
3.302451017425894,0.49646105545011904,99.65410788015315,9.447147665757033,0.8922050911031666,23.72538450594241,0
2.3186565935194805,1.1331837897670178,89.56943524975367,17.061738291579182,0.6388508314254082,49.902325932666315,1
3.351934651424117,0.504058460417026,99.96938030165401,9.932845629264726,0.8485314245908965,23.937571410784802,0
2.401623750285697,1.0242216980046734,93.60274721565519,20.207867093403813,0.3551326050704061,44.63796558428531,1
3.167954338691572,0.49891410266964376,97.11989823481142,10.49286499783993,0.8585751487609877,22.188865961642716,0
2.3367359495176143,1.162880195970073,92.13042949495804,13.965322403755177,0.39614738386493087,42.28192793881981,1
0.8560956717324604,1.076275854535056,81.55752544036287,17.200243522663257,0.5685032016095599,24.947427435706267,1
2.386195155587838,1.5245954427749826,95.85266708662385,18.978509070152654,0.5069118832449727,41.971362054294765,1
2.1206628161353094,1.3264638250609684,84.1134995177673,16.64153869361409,0.26266652498802834,38.739211220651285,1
3.4465648768921553,0.46661189437757256,101.045670976071,10.610516847762677,0.9029966315133164,25.350422837817025,0
2.515095905931305,1.6056608036601432,62.162986696764875,17.031763010830364,0.4241050701518217,47.3903822425741,1
1.522818665883508,1.5578205496249242,81.53780893129289,19.43683484694328,0.6191900574417817,41.098932632360295,1
3.2423096344337594,0.5221740716116582,98.49316425930763,9.99277386456086,0.9517624667361877,25.765977969481856,0
2.3529827767279325,0.7401898320330207,87.36223952496695,16.637239529860853,0.5913103383686625,38.46073492468528,1
2.0630135682028112,0.9600178479894197,87.59472168011895,16.86110045101578,0.5154287866898501,33.807372574524194,1
3.363391902231801,0.5094519496482609,103.27823361088814,9.191844695781706,0.9365382059533263,23.93805820437607,0
3.2967305251905907,0.5174491465656029,102.34694771497065,9.804175716289105,0.9690727039345244,24.067009241543605,0
1.7615024307707343,1.292283800456759,79.98947779053594,17.742681107295887,0.6240854161486135,28.313660488759968,1
2.5501992941975318,1.3272200584555354,78.1451850789776,19.910538474414412,0.34611978410457855,38.81235324773256,1
2.487577747017392,0.9504135247516646,82.09506671075548,15.646075774460064,0.5061931183381159,39.65485561337786,1
2.5464769350543848,1.5826172213997043,81.6669975550763,15.11279147566047,0.3623035843083896,34.8549055601975,1
3.270099264953413,0.5154173038777393,99.14376967806818,10.582369677228586,0.9601942218584408,26.993717546931617,0
3.2496524345883797,0.521883830369419,100.65752482060697,10.42638683756111,0.9359092862853967,24.041014065201512,0
3.2848214904964417,0.5166784430909781,96.3275892537934,9.845395461475068,0.9391695254641298,23.460007867605086,0
3.3328751109659684,0.48300311261070417,100.47757831805303,9.816486080458338,0.8926109840591264,24.594038725208687,0
2.211144927900427,0.925103724277974,77.11568319423256,19.332539344087046,0.5224184134494965,45.46696232654317,1
3.346210347426327,0.4685955056021909,100.28343382727981,9.339988744389647,0.8457087435557408,24.43024901326066,0
3.3610370265433462,0.4907544942258992,98.4885096810143,9.243142803693587,0.9125100103125847,22.99189080631598,0
2.630685482436567,1.354084339269329,72.2170229240413,14.808212062851773,0.6623168469489711,46.093973179193846,1
2.322099163645336,0.8461892635102148,85.81987713726566,15.418877156107563,0.3843199550676064,54.44791924244538,1
1.4558461912682312,1.0951682018349131,82.2752103447211,19.965366285539883,0.551273782093245,54.95652128284205,1
3.4163163752154957,0.5126481547811104,97.81537447065485,9.688675319132773,0.8662145960419194,24.646451673768436,0
1.3255197374732626,1.1865320909632389,94.76226317134174,16.308653791011775,0.6626297366065315,36.08142250118068,1
3.055709543569862,1.2435191237878145,89.03586605106413,18.946814831424934,0.4614582312317328,43.47643051256627,1
2.9478614389054325,0.9805104783274415,94.50877458469607,17.362503369507735,0.49451150384856035,38.49963383902411,1
2.323436250401349,1.6783327175247589,92.65362549108526,16.72482491584807,0.8591542850873677,65.00720398347426,1
3.2319975278421507,0.4946222261889034,98.722076504621,10.097192150788668,0.9010443244147981,26.02158417705519,0
3.4135565640180596,0.49806573776259216,98.61418960440818,9.9398094180232,0.9302257663177683,28.06473544935623,0
2.685099354598302,0.650656536498495,80.21249935535162,17.951534332260614,0.27942656731531246,48.61654270607737,1
3.3244966571108723,0.47754555956875405,100.8738763394927,9.72563754612952,0.92460094239964,27.95386885223655,0
3.3385317379728834,0.4938090712137202,100.8809494759208,10.969464499529142,0.8669008911101695,27.862733563662367,0
2.139798931188018,0.57732359727644,84.45501259865638,15.809458962314391,0.3836187765250274,45.23352403148454,1
3.334175597577716,0.5116785637065193,102.6034825787976,9.595198240039178,0.8884799642897117,23.947504286965156,0
3.175426122128801,0.5123187121388852,100.63956386828508,9.327010159876625,0.8318412997703595,24.731006431196533,0
1.8492989265571818,1.154927103360522,87.4558485814899,20.211666132589425,0.22204722756536466,55.76118096361932,1
2.17049134980603,1.0209077139836777,89.41508777457723,18.1656651410362,0.37240801205720786,45.00887955749835,1
3.2861735698828816,0.5381883328094026,101.84926736582554,9.724407141835734,0.8927740664642241,26.936369321065722,0
1.915396399776277,1.365239271682099,94.02224200507119,19.253227274526143,0.37216630355040137,45.66389935050008,1
3.4053802052034903,0.47183077407272883,101.08659605807277,10.554849920978112,0.8353363521064419,27.047419092213964,0
3.3521941565616897,0.4953813093958264,103.18901012644994,10.593693025782375,0.8948372619925477,25.031236667899208,0
3.4277676821898506,0.5315490655952695,104.33000468980217,10.250422237472229,0.8541248589492868,26.515843699847238,0
1.7465537160063256,0.9528193539084001,72.9982251084245,17.568078959299534,0.654315348713522,43.49438048981743,1
2.269276438142957,0.7834372338506366,81.61121134617458,19.014040544270713,0.4686997443169301,47.361860600324825,1
3.5133033374656266,0.5111958089586208,98.4280210789841,10.041219876467252,0.8767797868845306,24.025594157610147,0
2.635305279989593,1.2002048456872447,92.08952950867837,20.623386898545323,0.5117176602854024,52.76252961430625,1
1.4222762484438554,1.1353171264295931,94.56384520660383,15.298888071314034,0.3608670003782408,30.648631094464296,1
3.252082576215471,0.5057954971379283,101.54339742129669,9.989316352825782,0.9425448981083986,22.972208095414924,0
1.2240855966241404,0.8226395532273336,91.35054773715052,17.68450603353703,0.646043337414177,33.50996908057506,1
1.075029360711261,1.2939396420039466,81.67919768829304,19.168628332870618,0.6606620750604207,31.63064182004748,1
2.7643204141241156,1.248146887192044,79.80138491602051,18.492167230632816,0.4723781276475197,56.027738843630466,1
1.4597722144987668,1.437952706465603,72.49572554742997,18.58189472867897,0.5461748558770827,40.407339383301846,1
3.4831458765854353,0.5233859118089135,100.27307066216548,9.945195098037084,0.8674988032796551,25.430793010912577,0
1.58941877121985,1.3110183345806865,87.70366022585695,15.559358620112048,0.6093411791855675,36.936706436574354,1
3.485227818450894,0.4667695987546208,96.66283185224482,9.115780317218574,0.8513226900147766,23.147237740036925,0
3.3767434729152908,0.4827201846064037,101.27034360336394,10.477652604285256,0.8591455684465905,27.489359161473573,0
3.3711614878088887,0.49384443530093997,102.65638828369812,10.866257499742545,0.940938882187743,23.929329825967553,0
3.309707754934804,0.5014313247443879,99.85679748117187,9.463930494007197,0.916337238230116,27.474876269368277,0
1.837060162052398,1.2958574012348867,80.79495252811692,18.381833048287422,0.7044843462698376,39.742920301775534,1
1.8931921671851788,0.8162907791340641,96.97368325956785,18.86900529218261,0.28895848992302464,33.04195082840285,1
2.154704235916485,0.5740567024886746,81.18071435045759,16.117954598667243,0.9377260332590138,44.64510835590751,1
3.048644347386556,1.767132205546735,99.79489713109105,15.94037630291631,0.5989474997123556,61.8423794356665,1
2.3247369564161535,1.3260574628684973,71.03434053712279,14.171879858825065,0.685058641750429,56.53553921562081,1
3.4532738913002574,0.4696851177000554,101.15858299920218,10.405404136579891,0.8323664857078233,25.967753302376078,0
3.389959987543325,0.4992088969228669,101.83815296597554,9.840473032166692,0.9209199110444342,26.1462556264824,0
3.362411981705215,0.49159626365808284,97.58061051431778,9.950705933857869,0.9347768878782889,26.902898554116174,0
1.8920165360263208,1.301606195376507,79.30421418192861,18.07113214806599,0.3307906167788459,55.67108596400458,1
3.3343618289568457,0.5074229174674262,102.95308069945179,10.383040139192346,0.8836052641743541,27.042766590858797,0
2.44636137755843,1.4712052664283943,93.43188616946301,18.028298529931515,0.5433775509678088,37.01430193190876,1
2.9758732659930924,0.5512016907653758,101.07751198489274,10.037716819450797,0.9617891095911077,26.7907108615252,0
3.381286211883896,0.5005663675226092,100.53478462814381,10.538003569299299,0.932522504626807,24.280740655095077,0
3.2090612545205257,0.5094293671427199,102.37406061112075,9.280861010841317,0.9392302143949012,26.578113374751037,0
3.1739116045664955,0.4815353350777819,100.66176046442891,8.64838385350038,0.8936225439811233,28.51095139663098,0
2.715000286359575,0.7884770612209483,93.20087322065419,17.716702827979745,0.4157993005336691,28.00841933839468,1
2.865097599431676,1.3659447469137627,88.36559704814783,17.557915072925898,0.5201249623993766,38.62309147020015,1
2.3557497876809306,0.5804750861231038,91.85361984194044,16.68525489201055,0.5646293628522556,51.90822594017217,1
3.2807639035218874,0.5489150395923366,100.30083781028715,9.909760043204686,0.9370412172710063,26.19758877912382,0
3.113273480740825,0.4657966321468675,100.61964142045406,9.870226661208042,0.8676229097182421,23.988506591476128,0
2.631970493780428,1.099083916376659,75.93772038985804,16.997531784419575,0.5983838206681373,38.114166692837294,1
2.3430181447088185,1.2968923510853003,63.3648669471778,19.380945372243026,0.6572723976575888,36.59023976173998,1
1.1584248959707082,1.2997822530972591,72.47481574715523,20.54514032585714,0.4494657309822292,39.038657837461194,1
3.351443883405875,0.5432650944661092,99.4983339670899,10.071471547381853,0.8425868355623691,27.514298433725145,0
2.3246093606425173,1.8203719014490656,82.9215988738599,19.527720703266844,0.43396111934203996,45.10434699501562,1
1.9786593615939834,0.9870633023299394,86.53518188698429,18.151389880010186,0.5641721592729355,35.42753657106651,1
3.3576556963055766,0.49095387361501847,99.75810370278444,10.562056359993006,0.8884566813077616,27.52741335530934,0
1.3427648454096166,1.4875157459526127,77.06642669247752,19.583718620776136,0.611547766331026,45.25193249809597,1
3.1937696286273893,0.4968398420284202,103.2274225381173,9.67822508384127,0.933643061798341,25.394584531262414,0
3.362962884192361,0.5005951227899149,100.64339561239203,10.010655824335972,0.8248459849120091,25.602214678383483,0
3.2297946906122648,0.5095795965149278,101.45525908727396,10.218279902078834,0.9311103572021702,24.91435323737685,0
3.2433702270397227,0.497484261598007,98.49144829996128,10.640508180867556,0.9557160847334436,26.395806545078056,0
3.5092387275685457,0.4927432287912068,100.9730032876524,9.67499870958827,0.983724621667377,22.18962030639285,0
3.2751035851520927,0.5026593934829375,99.27009454091423,9.463628487130096,0.8885304627965986,24.610605407766638,0
1.2119941229757991,1.1212021439051496,77.7952771797115,18.89478787413795,0.47336060078618913,30.980983238872028,1
2.5876562292389895,1.5575122491321194,99.50726158812338,19.72287305126561,0.4812669671974899,47.87791180101431,1
2.620862332029426,0.9079863485918895,89.76392718111406,17.4449114873689,0.6333730737181709,48.27550824513802,1
3.3203463635867223,0.4990457728771604,99.20072762877079,10.43119673619138,0.8616671706108326,25.577447325650045,0
3.3058208718446,0.518480540384138,100.44782826812933,10.256953924829457,0.8679256545477846,26.244139980612097,0
3.1485152775314136,0.5088852662297207,98.06331109027273,9.870547513147962,0.929427663488536,26.224937588027206,0
1.2343993482775373,1.1292090038367084,93.56292128183944,18.772765307696123,0.5588951173476452,46.21122438361386,1
1.8249423585317306,0.7502952118624796,86.60367705130983,15.456161997774554,0.39358532640072863,43.1206058278322,1
1.6088482098113428,1.162881316117549,94.02327194602856,16.251128703320163,0.4669192656265194,46.40920361510154,1
3.4158110873500065,0.5315914429146142,98.1213292123625,9.454800461278577,0.8454149561930343,27.49378343106944,0
2.488013956921738,1.4460474560266452,77.27002944197397,15.8897846490391,0.3507239060151144,67.59464472802438,1
0.8338769573901574,1.1033915536523824,91.77505683107931,19.85649138268865,0.5009409734276628,41.89628024874038,1
2.123001373626637,1.1966723988154193,82.70564611409385,19.337680261092437,0.38314708677200215,49.13315556748774,1
2.169530199326709,1.4548835965548639,89.68239549213071,19.271935501423474,0.17330484017079684,42.193774355187564,1
2.249079232995263,1.2987320336130388,86.6853477216249,17.487438351496856,0.41921394900550635,35.135189559881155,1
3.271134136107986,0.5094283111277281,100.7836080108051,9.874976742700524,0.9071694233671126,24.538950749639497,0
3.076629568763284,0.9814615134958972,101.78351471305945,14.630664845547226,0.2753829997091377,40.20142884866351,1
1.6716139530866037,1.1903158166851588,86.6508941706036,17.399068102558594,0.3317704778862459,33.39257687111021,1
3.043843828670095,1.2153593705643255,88.78104276674725,18.825997824275596,0.4504864712447844,33.9438594504605,1
3.3224092481810414,0.5057173078144981,99.94539092098013,10.516273102170828,0.8732099268473852,23.32282840310554,0
3.2300274492007413,0.5039304233940294,99.58195348542795,10.26056121418967,0.9241124476340329,23.94204458387197,0
1.2586706529386573,0.9781885777622891,92.95557900407125,16.783987714125352,0.5647447444456396,55.168522608056264,1
2.469826575862336,0.9156321848193041,76.2358448892355,20.523038505071032,0.39745485765704186,44.21979693003501,1
1.6839693475750717,0.9465175684219511,65.01551186005648,18.315948624502905,0.6314260897539613,48.248448979424644,1
2.447701237275149,1.0763337764926588,69.50597837998028,21.49627413824167,0.6133498758116471,48.94307177481496,1
2.0613894773884773,1.2672704233605874,76.31156334305531,18.610486253062707,0.32143883964882647,46.29039634130156,1
2.061278269637003,0.7829334224539612,71.06222645891779,24.153720740361006,0.3136630199676156,39.91567120947555,1
1.741491925436032,1.3067006845689688,91.76642298050342,15.055925853946416,0.4745221463483404,48.57585373607881,1
3.2782318796772776,0.4962625671167728,99.94994608250971,9.75846947415828,0.8839666187221404,24.766468168409506,0
3.2138715798671735,0.486360315040044,100.36910260639408,10.354151923600531,0.9721816001734407,24.575582060197696,0
3.218418971503456,0.458532195351837,100.56238284793875,9.816587794092657,0.8962024488178739,26.164053134169453,0
3.3473832920911786,0.49951749825779995,104.50487161068861,10.65879876780398,0.8841142451621883,26.780495001673017,0
1.4316372805620348,1.308934688323357,75.74867346604914,17.528577510286663,0.4968132831085637,46.00721110715967,1
2.314158346187619,1.5888189185344188,83.00742524277567,19.06205218978842,0.5251355158701485,49.898657712020096,1
3.273059316555544,0.4710397219916751,101.72094697671949,9.767344771609974,0.8988223924562881,23.22151834354335,0
3.283871428833399,0.5082686980644741,102.21636563347504,9.758628238908983,0.8405294053566337,23.751309220573553,0
1.6918913777290177,0.541161653670016,79.50976691395933,16.45645608521425,0.7026523628730501,39.10096077201633,1
3.385243333479622,0.5202874013003627,103.25679324625708,10.855306686290962,0.934315922847835,26.70795195310445,0
3.3250492850345874,0.536979121898907,98.01721530108739,10.289816586606788,0.8912072797783964,23.18448763970616,0
3.261468640313824,0.5124134419510136,99.381767071595,9.653789510063072,0.9231295646426976,25.95888303617213,0
1.4724323140133027,0.9497154569896125,81.01942001352629,20.506265649536488,0.5166329574242626,45.203082223778175,1
1.63771794281095,1.777033738447486,92.04917376650695,18.38519383746261,0.3932806708874443,48.47952830694319,1
1.5141728263412193,1.255924850923214,90.29641467806779,19.006180737247494,0.4694808288379543,61.430549520692765,1
1.9193447190163548,2.145617020353625,78.23876833259072,18.573548224765172,0.5124159355678138,60.930963347335236,1
2.053306570550026,0.543023488506434,77.39271416250214,16.207334682815876,0.44971338771979597,40.00391635929138,1
0.8558363232935053,1.6492295049538879,91.89778809509582,18.336030681065058,0.31457963059543065,55.336482674612185,1
1.5481650857348155,1.2536084150431426,78.22912224090422,20.94206938163421,0.46990410517618525,36.94458111243885,1
1.8978012884080195,1.3138918945157896,92.54230811312061,19.207581040555787,0.5467236288196685,53.734442712597165,1
3.199747063536219,0.48858507412501045,94.81791541571017,9.664689895461677,0.9130625265616928,23.973607270973208,0
3.4307142754282425,0.5333804305057879,102.75141362662323,10.706110277707715,0.9025443850928009,24.563908209215253,0
3.3757507710047303,0.5360188086582163,100.78934305964596,9.924363358173244,0.9018968917723801,23.85929726717264,0
2.457304895318309,1.6129489350058612,92.45947896763734,18.740423779883482,0.6242088222339963,42.07807218008123,1
1.8611772086979974,1.3545882964873401,81.04027615705542,18.480411687892445,0.43372266091387646,46.09277916471002,1
3.1779156350028974,0.5009479734263282,103.14797352658006,9.202648466366602,1.0379830019455538,24.40982017152419,0
3.0862710883949043,1.0820841728815798,91.71731091544952,15.871559986365302,0.2883414753400877,48.60770107821182,1
3.3324083969394795,0.501731795749458,98.74887459698094,9.949922961760024,0.9412549132333817,21.828033375524083,0
3.2251513463443446,0.5055804305154068,101.85568025616247,9.728663100132989,0.9135747655412825,28.697217666592824,0
3.3310907565598002,0.4875371894715047,97.65977394788128,9.676886345078099,0.9529968192023311,23.903462410149846,0
3.2530824347895293,0.5129741977517929,100.36936061172982,9.814994485058936,0.8275177390150735,32.85247541287265,0
2.5892110560140176,0.8641361614850493,87.22678907715736,17.5373981141406,0.5327988960135946,37.39052503689635,1
3.228155577874756,0.4872452003149737,97.26624260316916,10.484728600263368,0.9346739455956997,23.784249478648363,0
1.8222266102565667,1.392162880522432,96.69756750974109,15.988797248621069,0.6064028771682975,45.6046109813603,1
3.405842448684959,0.5313104805846868,99.55749275282845,10.550479817499285,0.9562176679935251,28.15623611512437,0
2.1852318854982857,0.956279295318774,83.22789389638301,17.39329986504573,0.3969926985495057,42.17051392346395,1
2.895291036308925,1.0611181463924224,72.34258589323099,16.941066072985983,0.16981347898236226,37.04515947495301,1
3.153648505186788,0.4897996720229051,99.83856683978283,9.495134647645031,0.896211785673227,20.50622133203079,0
2.523385387608247,1.0509203924646064,89.95109038418524,19.627961720395483,0.41388489870746026,51.291249695966535,1
1.472538665998854,1.152191330356228,82.22158168833725,18.068016192456295,0.6803864757837841,56.296215028346,1
1.911849637537502,1.128149423393475,74.33497316177755,20.12017947981733,0.458372957170965,49.820642143826724,1
3.3813517217369666,0.4742007820051789,101.19480013969972,11.031262459621573,0.838044646217305,22.93495219294492,0
1.9216634329100644,1.3081943674307384,75.44648479126168,16.303868803938983,0.7399206410170684,35.6377543488258,1
1.7221042499208186,1.1147534706213609,69.87991863053645,12.324987117205243,0.41158214000919224,42.391900033465205,1
3.321397991073422,0.5141800751517702,98.2989590915814,10.32260779297503,0.8381168788836352,22.886884714479493,0
2.447601450042,0.664087360393594,94.42810151838738,17.39287134946817,0.3606811877821312,40.1692936200545,1
1.949570126429587,1.146272014495153,97.47031347597515,20.88389001160378,0.4940158424372432,53.30884855367053,1
3.3120295631711896,0.5129096836228215,99.35464032231573,9.403037496800472,0.9405698277245796,24.099974284008372,0
3.3504987278980454,0.4875036284460864,98.83663817210271,10.035026081556591,0.9988220292257743,25.087029337286932,0
3.200946367486931,0.4802079035948284,100.60527093047807,9.776339052170625,0.8409593592345578,27.80673994025038,0
2.613493131659866,0.9329046455940384,86.58333333873661,18.95073122138402,0.7526787251905178,32.99618760669598,1
3.403099952249595,0.5067520532415041,98.89938969230916,9.886760554049237,0.8327064538263392,23.263414536247268,0
2.1980657295119537,1.0800302813606588,84.84101091705351,17.68338904398067,0.5334921369883056,45.269752439208425,1
1.2030537510660548,1.1978865043558335,87.21280612408944,16.625971800601004,0.5092825029330703,42.321576100443984,1
1.9489097065086893,1.6087688558137356,75.44381648187172,15.604067141565476,0.7939755882117012,37.012473176986255,1
3.2408259182694215,1.5654584135262768,95.27276635158493,19.902612488598965,0.5834033145263436,47.6531813370061,1
1.5191080780438182,1.2102082233216696,94.16824115313652,18.135677027833875,0.4279028087767638,50.27625175671311,1
2.139288514859575,0.7812632393422545,86.81627583091911,19.741493289176805,0.2551977672460374,27.211406656502426,1
3.176218450117315,0.5122117149056764,101.91340463358917,10.380027981844801,0.8509417234430159,22.915911175513795,0
0.6465058903391794,1.3334321423494784,85.68888694607182,18.091127762283797,0.5777152553044964,43.95259355899099,1
2.1701799349240236,1.5994017185965208,79.4144026031116,16.030931899036062,0.5203886850827522,53.184452442017914,1
3.1264860122508313,1.0165844257834116,87.3098240240787,15.221402539578019,0.7099229640458514,51.865112567472124,1
1.256327826444645,0.9631984482840976,78.40310199652191,16.347776016570915,0.517115223833978,54.82424167686508,1
3.22074792615673,0.4631825153733671,99.24174451802503,9.947775390731264,0.9052947226557617,25.82973100072382,0
2.9336120557755687,1.284302775084542,91.38275023916613,18.819272237367986,0.4737058205143981,51.85389937176367,1
2.1671482486238967,0.8314668506202711,77.26729687211748,20.404902495966144,0.31058453364521543,42.152207324913334,1
2.652950212178655,1.180776670755385,80.14022169903754,19.264908433284603,0.6263445990520854,33.16978300922972,1
3.423781631197346,0.48366128658025526,98.68621144205721,9.85225984098542,0.9034672168518125,25.57465780880602,0
1.7985896721080192,1.1894977169981291,87.49322284803823,20.778048725925522,0.43888098390625974,55.8735159533122,1
3.1622330632042908,0.4688674165295219,100.0977201406514,10.204909328464256,0.8521781811590996,25.498617191283458,0
1.8067343652180323,1.463825112341221,72.07290570071622,14.357827861411007,0.4744421351917706,54.791590025168034,1
3.1393553679742427,0.4806604771374157,103.45392770246681,9.686641387705018,0.9996257676584059,26.464984205559606,0
3.396864499053289,0.49044685106469765,99.92555552698032,8.539324758252697,0.9150237179805414,24.08539668982642,0
0.6352756549988661,1.0258055092338147,95.1412120895038,18.653710801220875,0.646406107903392,49.247154513727594,1
3.4366874267444523,0.4869475204139522,100.02937638945839,10.097368097359388,0.8309477698423113,28.974551998461617,0
3.4179440120721285,0.5276431798207506,99.26935689737579,9.955818520397333,0.895828101510482,26.01653727934918,0
3.3110922589709864,0.46390235798670965,100.87264733934806,10.544374309852094,0.9091924772376848,25.965375774418426,0
2.0504528498793655,0.9030126622343958,88.05047689811828,17.548687238575496,0.6550821582386313,22.33575767885808,1
3.386575519417012,0.5005218210042167,97.97048653861427,10.580939151304095,0.8217879194144475,26.116279029037013,0
3.4523029856408023,0.5112593847338114,98.70612644458885,9.998312771294524,0.884601923518048,23.7755265309845,0
3.3074094780419774,0.4899589155129478,100.5651599009766,9.248514835802423,0.8815236535583321,27.945341351501963,0
2.225736804470256,1.4203912636377989,82.01859532838421,17.380700572023876,0.5779038118456832,24.571603231552814,1
3.2226990216144533,0.5402040907753269,98.23039457194619,9.794592856022708,0.961790581000347,27.457961004978124,0
3.5314658566673507,0.5061560353778412,97.62480316194097,10.25655289908804,0.882082992398939,28.90831486750057,0
3.2925554084233832,0.5299208862297836,103.82806270773358,9.873823248936857,0.9301593715541172,27.549750082557445,0
3.364768853810069,0.4720286485236172,100.11926073984034,9.590900558288846,0.860379003950002,24.337383233633354,0
2.927703556544148,1.4683941562721616,76.68154775178493,17.788362485004605,0.6225255517146472,43.7687581842025,1
2.050577399380347,0.9172325982624371,87.78876095888785,17.25346350811737,0.513664040938387,53.481150549370156,1
1.4952615322905976,1.3187459343287768,72.75630872205298,16.975251518646612,0.28936406506076173,45.74526670159794,1
3.180379337591933,0.4934795293566432,96.52057244244381,10.442022698180525,0.8948389123533752,25.510767511348636,0
3.197561235866571,0.498078802005507,98.15865281384127,9.199017094051415,0.8464473160175476,23.73684454166934,0
3.2080575765766195,0.47975791249479666,99.5116867294187,9.832612333946729,0.8822979644529488,28.39991474915276,0
3.289296964004544,0.5068545069275541,101.50668324220906,8.932162893010652,0.8709973379314979,26.86438312852077,0
3.3781822871777307,0.4945455286050466,100.03115809516294,10.214153548603825,0.9744931719301041,23.43047618374459,0
3.3560784526368233,0.5209801845167378,99.14118891774949,10.244593565073831,0.8904548104136351,27.181960850371933,0
2.361071272966968,1.0819410432090812,80.92629309920693,16.84716084733031,0.43305192271484827,42.26542543803092,1
3.368605145999844,0.5075442375012904,97.79358326855663,9.856997889059945,0.8968904491500345,25.42942636634105,0
2.456161079790081,1.4518405513555215,87.10840649563828,18.4861834553214,0.4938060969489076,31.02826619536773,1
2.054300221245443,1.0808414051562036,87.58548385966564,21.057495701081816,0.7273167212528371,52.805707021354,1
2.99089945438553,1.1525538466883039,89.46669138569365,17.924213836566338,0.5756431780076409,41.593955162787275,1
3.299202735868338,0.5041676561589511,98.89628370821511,10.400204762613841,0.8993081126952882,28.032788110507145,0
1.6101393876415968,1.1413828946468927,90.44176288381352,17.716948493266102,0.45877320489953116,39.94850378013453,1
2.3480995936816584,0.6073536686348587,80.28534214858111,17.770395502481872,0.44318602450953604,37.01354579767156,1
2.6037219865975993,1.0626454841452533,96.48069919377788,16.41823641661087,0.29032917823635546,49.63477407805421,1
1.7967483058921303,1.0919882193729051,85.10262914834948,20.963921536873073,0.5409516076241578,44.5617731172894,1
2.4678109986228733,1.5037912228932215,85.36393181064602,18.162556844112398,0.554059009252712,48.15663988387375,1
1.5623438034753812,1.1023166843554488,72.78265714728282,15.471987664105272,0.47463159715357756,44.15044727968198,1
3.3975545127122357,0.49158031038359473,99.25877133582779,9.864438199478716,0.9096794955683772,26.84854027907566,0
3.444127328906611,0.5141550387091095,102.18262024118854,10.021801223186227,0.9173838241769169,24.58828113823932,0
3.304557183990381,0.5081650551142894,99.8234359032975,9.990290197056133,0.8014948091144083,26.12576172034871,0
3.3307299520876605,0.5136300139474524,99.4194509116227,9.601987071598256,0.9700799296473215,21.428267016131777,0
2.126129245248742,1.3042684841410654,95.35988467853565,15.983102534905301,0.44399473624953734,50.48686254886735,1
3.210158532865164,0.5164096436239473,100.91994428587823,10.27314212400185,0.8076906068880954,25.282514280174926,0
2.3578140442219784,1.1748846120452363,82.25696910753949,18.502633296476205,0.5023546693936638,41.01092883369239,1
3.4277664895788424,0.5044426754326743,100.05636231473825,10.133563325505742,0.9303361529568092,24.838800501406478,0
3.251576592713375,0.5526476412967478,97.58071796261758,10.686829272581479,0.9181815941312484,24.096681047680754,0
2.345603832705998,0.6065324251875569,92.66233291578324,16.22534108228846,0.4613569271733509,37.48025736679947,1
2.9674682879184044,0.6479766766482742,76.84243744232914,17.841223151188593,0.31751287937964356,44.49141168651103,1
1.1651291501522898,1.0254653899823838,79.57085550964717,20.360256347483055,0.8415629747079957,38.149211853750366,1
3.3404981710960953,0.47186677806303556,96.88820870759274,10.50052304628357,0.946082505596223,24.591057558027757,0
3.2689733243406542,0.5177926159124687,99.38955059129067,9.64042334037879,0.8691373406726539,25.73746629463504,0
2.0028654340107406,0.904258857399652,83.05841001739775,20.29205515002683,0.7510045919228785,43.65292062021718,1
3.2400607354555975,0.4893826245415936,99.02417718370859,10.807791411774115,0.8521424542552478,20.758599694729867,0
3.140557234120563,0.507373466177458,97.90617803463613,10.348477202255367,0.8639131223331373,24.908975509397514,0
3.2869856945632314,0.5213096075013071,99.6260573940291,9.506410236424408,0.8449922883514153,21.14465484130878,0
2.9159284495445545,1.258215583081762,83.84076336734854,16.831089416299122,0.2666939399238136,42.00372679399799,1
1.4577078671500154,1.257473218858227,89.1125004193982,15.25233035020268,0.7455109942745959,39.891313398839756,1
3.349671415301123,0.5185235509506328,102.798710873172,10.38918053808332,0.8662410862512809,26.14122599443906,0
1.3666074046921617,1.2219590973005083,84.92569150745747,19.38553806369772,0.30476180257950036,46.43697818105539,1
3.3412780926936496,0.5021286045538379,104.87950481267855,9.988565968850558,0.8492452904086066,22.26572438707951,0
1.6698074946102492,1.011805966214609,84.75037208848732,15.294982621118555,0.4319878837424219,49.2656585431945,1
3.5463242112485283,0.4774902190540325,100.9913637759452,9.9610814014936,0.8498906272109263,24.986957369541084,0
2.7397324658288755,1.5439322611202182,76.74435806324452,18.31617845064637,0.4481121006429244,31.057824208951672,1
1.9364913411951146,0.6932450886098215,88.1633678831043,13.801287471161949,0.43834625952452405,49.30214552294787,1
3.0960767822239896,0.5376231413888118,101.6314744250786,10.248349611618261,0.8490167830653943,24.088920947952257,0
3.2455617275474817,0.48473481686914965,103.45508634020142,9.813896611964473,0.7490243922089588,26.843603003954506,0
3.3791031947043044,0.4841905108910938,102.21105186591596,10.056635205268883,1.0206307710806457,26.409013079649448,0
1.7334219014450019,1.2535429991656168,102.5697851372224,15.82774740163718,0.2661819507464238,46.618243260969756,1
3.4632411303931634,0.49930023019006076,99.7775478773026,11.085471358748906,0.8110706207996742,24.932774870592574,0
2.679537032477949,1.406119738757675,90.60560489696466,17.79904855885659,0.1888270473475533,61.28698828145434,1
3.3821902504375223,0.4557772938198423,99.01248683367737,9.982179258851259,0.8841963571986475,22.776065948451674,0
3.179970359294422,0.5103531804093825,98.70144490986799,9.536323432904712,0.9808606287484312,19.940879844611395,0
2.6609289281152355,1.0806960919156188,86.235949324762,19.255212595123663,0.4709441930292557,35.001437283285085,1
1.5109795663118097,0.8052552550717478,80.69561793207889,19.18506061463552,0.33822308879531043,36.710851424198424,1
2.117220505852921,0.8846070265081967,91.41702766894495,16.8980363929235,0.5021763498893981,44.11995601039159,1
3.2553485047932975,0.4927806766836184,100.21075101229192,10.293346900737637,0.8200937824058127,22.966633742847005,0
1.3192533887790705,1.3393109590639722,78.7672580849864,23.510435487439803,0.7428181459491302,43.89534132270815,1
3.5143944089325325,0.5205831127465129,98.39265086406054,10.399970950971024,0.839441403535961,28.974122223398883,0
2.6293642649419393,1.250417941790046,90.58951050813634,18.829545781577583,0.5981646540658432,33.27460914126324,1
1.5023531182003778,1.2473284317881308,80.63166560946622,20.720231800360626,0.3311619328952047,46.66658006900474,1
2.432463581150871,1.035539910549968,80.37663378533831,18.13873960531614,0.5642513075991087,45.32739798983138,1
3.23982933877706,0.5127718491755475,99.4852469251533,10.070443123455602,0.9403561298318656,25.94726415362291,0
2.109200815391719,1.5222954038146683,87.377954187041,15.541632804399168,0.7411367459599265,50.53294860097111,1
3.2227174785462425,0.5022845529732408,98.65301875151226,10.165990165284507,0.8781640131979702,26.251016033662072,0
3.2528068134210564,0.5034173087625589,99.62942468224459,9.532280648977702,0.8675313480839287,28.925174381061588,0
3.2400624977046224,0.4921332237534528,101.07330550505458,9.833090255121995,0.9088410436069699,24.151527333203912,0
1.872726140628278,1.804582533138192,85.85955499472713,17.41108848482393,0.4509990128736434,47.7036444331602,1
3.329307247329868,0.5514671960649972,103.28403032027273,10.169241921730846,0.836991761741371,23.684330892295726,0
3.269889630441071,0.528831372413158,99.92298306099859,9.771451871706864,0.9076177436016861,24.38303442308836,0
1.2657003705609025,1.29650356241295,80.28086145795514,18.003238062713883,0.6126309169101998,45.16333733770335,1
3.1592536225623444,0.5491060027982179,101.86863982247854,9.566912575892749,0.856861211797844,23.3254751379006,0
1.6271269696516095,1.508837244479507,72.6575742540568,19.30461230322046,0.5464842169070951,64.97932101135883,1
3.1993982618500296,0.49108994957198454,100.12894882962024,10.084327335983364,0.8997201990585477,24.89519109884506,0
3.3276690799330018,0.47184976610564355,98.49207082226664,10.80768784473472,0.8582428549184988,22.982890631847585,0
2.008424764473353,1.69301344674136,67.64258065819439,19.616072378804144,0.17084262952699636,48.74360337705481,1
2.4232447688628853,1.0341237487898094,92.43527987832653,19.593403854141485,0.6086204838971746,32.012939760470054,1
1.5947008900355435,1.2728646039450824,84.72859819257673,19.129684717200245,0.14235398168213814,57.723228548589105,1
1.8339157184364052,1.1821754456182518,67.25321791959135,20.585490579036414,0.3231337678455728,36.20764198756102,1
3.340171172209894,0.5359175534619104,98.05386211823689,9.12573401338091,0.9556344187494963,26.362719020885898,0
3.1296617560644844,0.504876014275424,100.9819499032765,10.542893162469674,0.8781617881380892,21.72103167494913,0
3.3504046515517842,0.5288752920814652,105.20336622836079,9.67311683067559,0.8642120005444625,28.04201245431876,0
3.5342015278333845,1.3563839715041444,92.13654079785377,18.991610042055143,0.37363510548105106,37.05937594616942,1
3.2408428611164166,0.49042502756673045,99.98176200671159,10.254362511614968,0.8908401690639807,23.333887885998482,0
1.8082003368269977,1.3304310193670672,84.36746126508355,17.644164248391203,0.5114913605677489,54.564251104693675,1
3.234839965239418,0.4659483279152432,105.15941867530864,9.848410108582863,0.9446298669149655,23.240371292995892,0
2.1630889518309835,0.7779554971507385,81.92045689271936,15.693015148030433,0.6725401093847444,21.803888961052145,1
1.990673361282482,1.587193338276764,88.09897184506391,20.905511090252368,0.5187128149495902,40.26207324149748,1
3.291087996048721,0.49801648272441235,97.40633610408831,9.828403862251294,0.9344853902622597,24.618993788004378,0
3.2160278157819224,0.5505386485174725,101.35585174267854,10.482425816548728,0.8518120536894694,20.523537533350055,0
2.3267543562772337,1.1689706327129148,75.79077010757705,19.00166318200842,0.6096500940178222,55.52406632752083,1
3.512215619701263,0.48048253494045334,96.01252871485708,9.672962158436288,0.8274412154974221,24.068388861763673,0
3.128686547090912,0.4966576383936629,97.3057474209406,9.870601968666449,0.8539070093437343,20.831774121002823,0
2.651938671658129,0.9989654398637301,78.89984608682721,17.87470355575636,0.529759027576623,40.22484172214423,1
3.243981895980303,0.4896791054356525,101.98408469907305,9.96966959309269,0.8500969686342794,30.386067327960994,0
3.3570890510693165,0.5042203493440524,97.51227352921742,10.553540334643486,0.8374796133015141,23.363142668115998,0
1.8704548448905043,1.3120045679134194,82.85083397352206,16.868847264252018,0.4862064826093601,45.058901451388536,1
2.7652874520195203,0.9448394163758869,87.875806380377,19.33073787006566,0.20674268445225757,33.04769765368199,1
1.8744205707955006,1.5838556009280476,80.85845941704628,18.696683478492254,0.5232987498799102,35.08350171135808,1
3.319686123586912,0.488462162609537,102.09419660522431,8.563868893359174,0.8115462047555441,25.109868221999697,0
3.181674148733422,0.48889600946613604,100.6148133956182,9.38522520277379,0.92823029629468,26.738309184993792,0
1.9346053878362215,1.568764435289115,80.32073877265785,16.601009559664714,0.5551265615810903,45.38260255827746,1
3.3113517345251244,0.5035540200186651,100.26708180956456,9.296841268164084,0.8137096635604701,26.749034148265046,0
3.1922255222070692,0.5069516341072334,99.70599599674303,10.404028899140572,0.8699788217130647,27.68295183106176,0
2.6933673100886657,1.2832075385894026,84.266351806839,16.66915540374108,0.2559492618699877,40.85066624303032,1
2.246357741070927,0.9682293753731277,89.00114426491108,15.199858553633982,0.4909943687467153,62.85199128822199,1
3.322745993460413,0.4932843060141974,99.40487299328002,10.012109728336378,0.9082380420618259,28.61861269946622,0
1.7099004354412688,1.38092840548465,81.1699314278265,15.925867852860009,0.6560646338967259,40.48643056111611,1
1.2716883961611132,2.17292789087842,99.85317949249564,22.77674398574088,0.5436447095206165,48.60396579022428,1
1.1164651482064238,1.7761102506432782,98.42939738698053,17.988090581574543,0.5126700179584921,58.14833207296424,1
3.1584629257949586,0.5151397723329071,101.9960202197193,9.90855177944758,0.9188204763048758,21.246894587916252,0
3.3614166700043424,0.4864721539588146,103.33980900870282,9.901330789846337,0.8618356947910709,25.705009936713758,0
2.8616193108561294,0.5602213121535491,70.12530582671954,18.71394551853385,0.5598976402578696,48.1843857320741,1
2.099843163694113,1.4432395936775129,81.28335137507506,17.161130494682897,0.3531888745535351,43.15470666688233,1
1.5988914905366376,1.1805934184902445,83.59697235281047,19.645565561668004,0.5824524779435389,34.44825201357992,1
2.5173756631624413,1.3442724278246685,81.78563978446694,15.898753356344397,0.2379656462981668,55.89705922948063,1
1.9021596441218682,0.8102350909662527,83.10390423989898,19.310807659700473,0.43641649365164714,51.20092097271269,1
1.4964891760713923,1.2023640554084185,94.65286523891132,17.699766097492386,0.6984116700327703,42.72130449806239,1
1.8423908030958787,0.5753703890433038,72.24195233469334,21.27159561227163,0.6117726296427226,40.44681441061973,1
3.1619898541785108,0.514167128945987,103.21469115203999,10.233846585882716,0.9413023585720753,24.540902689279307,0
3.391540211770207,0.4908127820091951,102.06056690806369,10.088220777638613,0.8745929901176345,22.361505610802464,0
3.374729360512326,0.5019224155388197,99.65008048660918,9.645796616544768,0.8808014364023824,25.699600049135814,0
3.3384065448939304,0.4743939120265821,101.32576253733482,10.15402526975205,0.987479195210271,26.993141021158895,0
3.212438174661524,0.48857642020434405,102.04812505162292,9.918466518028119,0.9395185948025856,25.668352834489795,0
2.9774665358236208,1.2687224064617106,86.514626458339,19.704937286865903,0.5047093798299165,53.70168340926293,1
2.6952742971717982,1.2526608688735794,86.40951858002154,20.7478287704229,0.40703418076191833,56.13964753186454,1
1.647692812503117,0.956095688321961,91.07611909988886,19.343889215628995,0.5408632094980415,37.149392507860284,1
1.8450966534045588,0.6504953258381921,97.78830489677073,17.893786396606178,0.6932113587278567,43.565991797144704,1
2.691746833444964,0.7692271428394417,82.94927457302006,16.783298470641324,0.5160754872889395,45.69613184313909,1
2.212632058623775,1.2673018970334247,75.48614027938297,20.90423539836512,0.49691591639742394,47.18494747434915,1
2.3868722105022067,1.5748514702118475,94.38753821305956,18.006295453812655,0.49144382497205874,54.81627677639098,1
2.0553829228892755,1.3789323412745258,83.05551040895307,14.910125306646483,0.5654008662833869,39.07607914934273,1
1.0471765290798378,1.634191709817542,91.05251739930512,18.231649174453892,0.4970308483218938,49.98469878311276,1
1.669148464871871,1.1549038619184384,101.74558345767956,18.55816771669037,0.4038378100192467,35.13967751023776,1
2.5468488446945554,1.2794325932933939,79.27165250979328,16.099873005067746,0.5320713190911595,41.018619812567685,1
2.195211944962529,1.1406186813045953,78.75074897495108,15.224262899088396,0.34520505742292307,53.949058673233694,1
2.479856147742084,1.3812362668765554,96.3640342981685,18.392481881333442,0.39413397753569523,42.96838634882212,1
2.7591511624263347,1.4292089344718577,99.3898001468105,16.534062201752484,0.4978594470575917,52.619825255622445,1
3.2678614158347004,0.48003291918522417,99.39506062702374,10.054279852888262,0.902488684359048,28.251917830724125,0
1.5871236581798613,1.2478387520412386,90.62742333429847,16.58417811865185,0.583035429660169,59.5511882576026,1
3.331424733259527,0.480448895104029,99.03222833189136,10.31540584227739,0.7998068817796623,20.56139925450493,0
3.1695530499495144,0.5369327399209534,100.79937590350528,10.310785944928025,0.8748512614724329,25.64811405644312,0
2.676795171658463,1.370430961538594,73.8440394491259,18.779209048183976,0.4276529643595546,46.918861966794374,1
3.2424181759355317,0.47138449795763904,100.88920533644028,10.566885048433532,0.8895343090210319,25.540114716782846,0
3.334115197481664,0.49257118268008415,99.87481374420095,9.538794907750749,0.907587899612437,23.922316287614525,0
2.3332726557250636,1.401459351518716,70.75073268427494,20.193094236460507,0.397092536444723,37.26638487437872,1
3.224626383564251,0.5218301370384493,101.70683111756061,10.27336678410069,0.9233179187223167,26.251261867292,0
3.455115197552252,0.5121579301943308,100.11402624979416,9.60610812404588,0.9275738137619762,24.64887210900157,0
3.275096396044362,0.46220918538108935,101.29656086768772,9.805740773455558,0.9360781252563072,25.21150758254296,0
3.1480630034045984,0.48101202222336115,102.45533798494658,10.25560129976249,0.8373803277793441,24.852104868783215,0
2.013599131301768,0.9014554554439862,85.20168694032066,21.208678216617194,0.6458085448609583,30.847597570084808,1
1.6975167595737197,1.3284558743431727,85.7990956352737,15.330778786179534,0.7652253939589675,54.327332162041785,1
2.0446673157213353,1.4348621204845717,80.88173860068207,14.76657325010397,0.6119917046903236,56.58237134766293,1
2.0679079193555903,0.8629517900281205,89.42711186459542,17.705589442628806,0.5055174249761352,48.14330808438573,1
3.4765454240281093,0.48776964394016104,100.4675718235815,10.094790808299372,0.8905439804611484,25.77264663562312,0
1.5879857045568104,1.5575698003240719,90.16804949691641,15.971040546585172,0.6109513202176751,37.15950158527509,1
2.3765200429261792,1.0085151820414517,68.94034511403993,21.64108781588363,0.6555738347987364,46.54703561539327,1
3.2153206281931594,0.5142191993640698,101.10010419804911,10.141643935773072,0.8785377789850669,26.513577359973965,0
2.1876433894669622,1.0175320477665721,80.35986933877052,16.688624561077113,0.20490124036610086,55.94463480390881,1
2.2690117405508543,1.127800447640936,83.33225431567674,18.528536543291274,0.36226817502353126,46.11598236917967,1
3.371754225579596,0.4560238808675984,98.83384512286213,9.947025822847932,0.8912822871048582,26.910601116475505,0
3.273534316676204,0.5187135678629492,98.02281778569817,10.49915544907398,1.001180310961482,25.190688398882617,0
2.0812146775102596,1.009714245693179,85.01830348914804,16.92138997107346,0.6265759264462606,51.91859550792809,1
1.9192686166530073,0.8206504779135102,81.72553220723422,18.61469123341594,0.401496598155888,25.517501345736893,1
1.819696181576345,1.3711521625063547,87.37261550824245,19.939138051505815,0.33378313126116965,51.47675548777509,1
1.5539181836409552,1.5545673278879883,98.59548786406968,19.847017232094736,0.5713382653892873,46.28471546537408,1
2.017184294841184,1.1546102339302433,90.72698195752767,22.68730810562525,0.6342365834040238,30.61428208472714,1
3.157525181378654,0.5114119733718632,104.28454071722373,9.52028038163826,0.8345589800440444,24.372940627655204,0
3.453803656646597,0.5335287462455056,100.95408165444624,9.372855288415375,0.961806536090311,22.102817170732912,0
1.9966943601519769,1.1518919756865507,79.48891565939675,19.532485950081018,0.557475228463835,52.619695764289354,1
3.3005243699718183,0.5005748964586964,102.371408309326,10.586562318793321,0.8726659957706367,23.860334143522483,0
1.4653347517266506,1.110755339737845,89.57605022640378,16.80717718406224,0.3231614763052512,44.97771111466479,1
2.527777829510356,0.9842671645652442,78.76930365743652,19.87495498501385,0.5752527567753183,44.171305172753755,1
3.246949885238947,0.49919684098711314,97.60823387592963,9.90254585982366,0.9341664496405535,21.358793398902964,0
2.2039012536766567,1.3644958882663496,69.40350625796506,17.24873266846893,0.20360550501625707,30.012469568363066,1
2.3082230190507262,0.6620680642396269,93.04739609437134,17.50449516352058,0.4609536438092844,50.47330566887164,1
3.285294261849786,0.5046842946507304,99.32582805776393,10.180751762603052,0.9287602508053283,24.40032360745024,0
3.221674670766376,0.5164634116792383,102.37894097784928,9.522438710325323,0.9050928147630993,25.38127118253005,0
3.2207127167737655,0.5223459166317626,96.47847448168837,10.687219046585408,0.9743623077667964,28.494726395831115,0
3.249824295641546,0.5049644117260067,100.86008329438214,10.346552803631573,0.8389643787042921,23.748645425007574,0
2.777721400552748,1.3414627141254616,84.18975425038774,19.565259652633035,0.6175038065786047,34.57724189180204,1
3.2927171087343123,0.49250358384900805,99.55073370000595,10.10057982793642,0.8866673835382792,21.92885575358579,0
3.4886185901210527,0.48452421601792856,101.22554781012514,10.061335157997398,0.8549689632676066,23.790510670923574,0
3.450235705209603,0.5088002890010667,99.66575657242717,11.322171673508517,0.9112653961020472,26.752093585059587,0
3.1929107501938887,0.4895095946744045,101.83663321200463,9.548149069634936,0.8909804159118796,24.34110442730582,0
2.7922660237969534,1.3387450872200561,78.24540770253543,18.47710990754748,0.49698518723455226,46.333246538878754,1
2.071705755550052,0.9912915368408808,91.87667897874844,20.04303078556373,0.49744908882742533,39.84527786382412,1
2.051042376778548,1.4282539962934433,80.507538029355,20.24474843740632,0.4482279678292959,26.487647471999157,1
3.4057122226218914,0.4959390922791401,96.8472156860315,10.150895949909733,0.8995349839430693,23.870451991658115,0
1.301200415202284,0.9676155089944254,85.01060550987526,22.784219270547986,0.44233146815343627,41.848106550055036,1
1.7452794987862268,0.7296421723903632,86.4500093008164,19.678698228463205,0.5526748201440626,48.25297627378139,1
3.1940786478111045,0.5048667889864539,100.04254315347212,9.974303138205757,0.865472947384187,21.73905351256972,0
3.277422369951346,0.5108672038475986,98.85259999212285,10.291048851734308,0.9138688468979096,30.97051800520682,0
3.2307090404739345,0.5210630570666581,99.80222069361771,9.62401533413059,0.9261257052632879,23.303142731618372,0
3.426691114918662,0.5098663580176178,103.3451447736754,9.931275742686154,0.944344369504865,25.390049968056253,0
3.209197592447879,0.5019866461085846,99.35930538361136,9.487906587835397,0.9317709015104614,24.540400738849613,0
3.159814893720772,0.5269084009230995,97.71399017453903,9.665927957230503,0.8868554585395867,27.820918290407008,0
3.311732738330878,0.4938165575306272,98.20306403641793,9.207932028497256,1.055495927800268,21.447507333067097,0
2.192587768414957,1.519551589714316,86.94925778962171,16.01426799782891,0.4503837655965421,44.796046971318404,1
2.0255153451163515,1.3139302908122688,89.02601651799604,16.48246948412925,0.37977086148431877,56.5552975604407,1
3.276318139325999,0.5030060352292376,100.5579883244476,10.095249839889533,0.8966933692687089,26.77046296597798,0
3.2354880245394875,0.49296973031917385,100.69300776346144,9.735473661326852,0.9463107701120796,24.53075886008517,0
3.1849006422577695,0.46744915124233677,100.0760069563364,10.942293152967304,0.9900255590755427,25.840188980903683,0
3.306980208499002,0.4985113314179991,100.38409823298007,9.78534888774137,0.9333156250454606,24.876471600279743,0
3.396337612924432,0.4857430843464567,102.04514086401927,10.648497273280555,0.9790270343284186,25.926412584198246,0
1.920985310126507,1.2140804706181108,86.66082681120501,19.543592354471322,0.48955498200498376,48.81320832640446,1
3.3021003841632757,0.47028879253926054,97.37632753529968,9.554403887292356,0.9210793305307228,26.628303524236532,0
1.893197233289178,1.2135668126999948,85.14413497635557,14.83282322042484,0.23065352410549778,46.323229282397634,1
1.8377759318686742,1.8923748751848333,81.1458722312522,20.368513290392347,0.4239487011094916,42.90593367823124,1
1.3271351066546335,1.0415108860011062,75.77046174928114,15.627327145780292,0.4617579544394616,44.04304300504983,1
3.232307799969404,0.5233556412331961,100.98806037256547,9.561008706621719,0.8670941755462371,28.741930350743566,0
3.2530525614065047,0.5009704325588965,102.09910543063867,10.044203443145923,0.9329622834216202,22.297851267583958,0
3.368626019037451,0.47303629155788574,101.26755376186419,10.36940524044375,0.9372095985749969,22.8821848258868,0
1.4534292281206762,0.9660441161335083,82.64605995490834,17.309670589100406,0.34550415878345964,34.83238623126174,1
2.785268071998357,0.7085912827691949,84.95551765081544,18.05240950554807,0.4662720416307722,38.863460356797596,1
3.3311250154543535,0.45152241346742084,100.83906488781406,10.47376323106143,0.9726630331660517,23.30736804506853,0
2.1727605988841203,1.3137459356178371,74.1445154424034,19.174524826928355,0.4097083337097234,34.43297315698146,1
1.5016056767868444,1.9455569750036674,103.79260629360606,16.40772639362701,0.44465908414528066,55.04116630699923,1
3.3412931454275623,0.5196864479695317,99.22364636291755,9.98338500467777,0.9003531579314088,29.43756046689627,0
3.2353427115757474,0.530067966035343,97.16326853413393,10.362547893423999,0.8806434675105242,24.75458213280855,0
3.3955142320501235,0.5070411079302859,103.40442988927047,10.630960750356996,0.8584088895884778,26.554814705529022,0
3.219772273077838,0.5271127571760991,99.72082074368966,9.600403996674872,0.9562717392207385,22.620666681819277,0
2.115015739582041,1.1019911360440908,72.90493264349429,18.583127353363945,0.5988581515870129,39.52406615509762,1
2.0352413765682797,1.3008434889078686,83.94264515484502,18.84356014850174,0.3849703942993171,45.90715513573352,1
2.9247404471619607,1.8149436287357776,95.80858313930511,21.27013278905504,0.5372487713773824,43.288998659562886,1
2.17179396825258,1.081131096569472,81.90110428357751,15.840315104437027,0.39296229951392364,57.32259183855909,1
3.2243649254715696,0.4999279492181886,100.44936945150377,10.476562522688043,0.872522143204571,21.690225127543407,0
1.340326962261579,0.9613328796177353,81.15332968390416,17.165139236021137,0.1842875741421478,49.03665451581912,1
1.4414340400267076,0.8570942063778814,81.1266083900101,18.96052100281185,0.4378059649142205,39.871085918202844,1
2.3002406932531643,1.2419661698517381,79.62011523194931,18.293870596773374,0.4266670821434463,39.77229683420154,1
3.248172978172635,0.5454138571560879,104.15349596712169,10.030839924923987,0.7851909523431381,27.447137764837255,0
3.287208240851923,0.5157160031730167,101.44476271565554,9.514171632729356,0.8697069589620554,25.52804016266734,0
3.2179317681648287,0.4891315045773247,96.70920250608621,9.696089006452784,0.9570074519260634,23.1033039915516,0
2.4607396618786717,1.1680988992406054,70.56909765950108,18.223598316406775,0.3201572903009186,29.76044436791489,1
3.3513267433113354,0.48287832348182264,99.60730030183004,10.043071941523188,0.9726233767235373,24.87295085076929,0
3.3690143991711112,0.48774422619031227,102.39314300332899,10.652170121439076,0.8685368303153606,25.817214615403536,0
1.1453219562463537,0.9497030863525253,77.95396728317816,16.66562183044499,0.4589406121749859,47.62248858859299,1
3.0675770200301145,1.2085372743549476,98.41901670244391,17.9020699382831,0.30864760100064026,46.371754540723124,1
3.139251676543877,0.4948081729727279,99.69988882593495,9.960179304377142,0.9086670832185204,23.30473214276183,0
1.5090629372895994,0.901841197549544,85.35487038012485,19.5129767086322,0.4591384975094469,53.82574057642927,1
3.2506999065341167,0.5041537537432622,104.98599903486559,10.057513039573708,0.9489429025390897,23.885153893783357,0
3.3443819428146226,0.48283284439637575,98.58997628848319,10.806139128994323,0.7697893071686432,22.738769330124946,0
3.1763049289121916,0.4460622671411686,97.80744982620959,9.906427867497726,0.8199548010761742,24.25898380281994,0
1.0870960634443116,0.9515411181104296,95.84458348568279,17.900239691743764,0.5759236483191068,45.3443269668031,1
3.362834550926428,0.49436430782278984,101.19985745999242,10.009424811472424,0.9424551055371573,24.266985959263895,0
3.1465885829264377,0.5049876736742152,100.91177554416322,10.31902555072038,0.8438727596877793,23.538087448569055,0
3.2486133082663304,0.49908827967289005,102.47656614286727,10.563025125386083,0.8608117167206802,24.62620768367603,0
2.2808305306235086,0.6094487359685838,90.85564402007877,19.30466067635336,0.372250673849841,42.111926213979444,1
3.157774629040232,0.47683270621614915,101.86518166374618,10.256542710048647,0.9429793943489901,23.079907409441073,0
1.805364174105347,1.3462680891260155,92.20426461865273,19.59598909922447,0.532670350962309,45.27500247221168,1
3.1962753845673544,0.5359537305369905,104.1230071532728,9.98673937037547,0.8860518534834096,25.5155050802855,0
1.6177311025449044,1.27290141661632,101.33655722342304,18.86443338151851,0.16258513186988544,48.046224570920415,1
3.2987753227153083,0.4731109897793145,103.0615016646874,10.354107211628278,0.885301652616791,21.592256826346564,0
2.031502255278771,0.7700544556425863,80.51391274416112,18.958721906858845,0.5051044379520021,40.47685623771679,1
3.3322718560338087,0.48895553911438056,97.04217686245174,10.14434681463993,0.811188238355084,27.35945041672142,0
2.062167197837085,0.6275993588630077,80.73819601426477,17.751957225220007,0.5224012866589821,32.83770566207512,1
3.317318092585118,0.5118620251593676,96.81401253293666,10.063189789773206,0.9094853083805198,25.667719933137068,0
3.321645858958197,0.48043254444769934,97.26039404084185,9.8253416019409,0.9395312799581385,28.37002855741702,0
3.1275082167486965,0.48846457338863336,103.4719276063305,9.95865965707865,0.9414737420965874,24.7490914799942,0
3.41585955790074,0.49934493459568,97.22085506647281,8.939072550495702,0.9249110874248393,26.19445643650677,0
2.5689577687553276,0.7955858664179498,84.37415472753186,19.402989563849427,0.6256745802844221,45.79147029623107,1
3.2469742381627555,0.4983569764321486,101.13101929126309,9.702169352978254,0.934102603285631,23.102166958350324,0
2.217012227176574,0.9553873115051636,81.89322449359074,16.86721081757055,0.5501657772272782,34.21458363658008,1
3.1449336568933868,0.46615070740570363,100.64271443090054,10.242366408647237,0.9219237869404864,25.593151090281523,0
3.19184519963856,0.5175472458115135,96.47838237603845,10.258089143557479,0.8977294391033881,25.186744748553302,0
2.2157229612627862,1.399410823599933,76.03005007924486,20.05882620191065,0.299620639374708,46.64060271387704,1
2.2062870153161076,0.6468619249557762,79.6652102643875,16.295226467851794,0.363684549378804,50.37834726432322,1
3.2073069528421914,0.4884872434752445,101.11665382504344,10.819982264685697,0.9218369275866755,26.25905916844362,0
3.4865774511144756,0.5002785858382589,98.62369930964455,10.084230488134807,0.8812401809838032,22.816132199209374,0
3.385765962320202,0.48725225745386963,101.08292545640957,9.40318158412176,0.9341784661600239,22.79027441387496,0
3.333231401197959,0.49809408935226096,98.71296353923971,9.09947113292363,0.9508830733421751,26.371015477580407,0
1.8684193189573006,0.4520187539009767,73.61053890492862,20.148666009540488,0.3897324798913118,39.70766845987767,1
3.3232253697161003,0.4778694818251666,97.353820413185,9.823416853594656,0.9115350452859342,27.061161171248116,0
3.3067518481410105,0.5038817998579661,101.01567151257925,9.763954711151436,0.8336763935844459,27.591743563726027,0
3.685273149065472,0.5339291273658008,103.49915348637388,9.512735347664679,0.8999645702711677,28.126826717664215,0
3.2035076539419896,0.48882156305456825,104.11241425988064,8.734856238626834,0.9286028720857072,24.767541913756084,0
3.1857029702169375,0.49630195727114024,102.72828085994769,10.089790890969798,0.9243936142435537,27.657866639070818,0
1.7939165414225897,1.3054439701056604,83.90151227368897,21.452453091271266,0.43457668377387726,30.764808555942235,1
3.253936122904021,0.5115414425436108,101.30464575682684,9.500807280405855,0.9000103532459098,22.244764998491526,0
3.3588317206484577,0.5091836015845688,101.01598265382509,9.623921797204709,0.8874230556977752,22.407766671500212,0
3.308704706823817,0.5047122911621713,96.8868362026805,9.192434092047245,0.930788557488557,27.928354477504875,0
3.3075804558193727,0.47991718466495864,99.57311425813958,10.476568316956623,0.8241063126659596,28.125777537016397,0
3.3515035267208657,0.47439141295007436,98.5960166243865,10.336286850601365,0.9742058014267982,25.289775666193783,0
3.2410635243055785,0.5054315767439075,99.98785817692021,9.91993360221668,0.9042659071282513,24.17400435571313,0
3.175221681803515,0.48593647149748226,97.17257100619004,9.578376702341904,0.9596253756238988,26.64068802522491,0
2.3870356104470005,0.773107522421498,86.59539188789414,19.239477569405736,0.6789966508890689,51.564428023103176,1
3.39540017634932,0.489101618263821,98.5631854688616,8.913665226992983,0.9441166531161704,25.999728247480743,0
3.3513785950912207,0.5350958836396873,98.6741981648981,10.949940967447608,0.917780667439283,25.04780608656991,0
3.247023979623296,0.516606716330885,99.4819157083586,9.58620488967564,0.8773375795488494,23.39992287120471,0
3.29404746439382,0.5024401962929073,100.15201078282482,10.371063745535945,0.9202147377480849,23.391368480680015,0
2.0070771239036262,1.2213761249732678,95.489339982421,17.623477329827388,0.6434442503137019,54.34007858389157,1
2.1784864804842172,1.6353004314394008,91.12702623584492,21.890390148553866,0.24615937525350073,58.35938225123711,1
3.2780328112162485,0.5067699281498883,99.30269573118429,10.100284598615472,0.9000263979428299,25.744210945213727,0
3.3361636025047634,0.4625841615794829,99.06459759737622,9.218727071556728,0.971137406804997,26.71690223331333,0
2.7002658292369364,1.8374314209050884,90.06928819819247,18.418940167295546,0.35096157266089456,60.20214739448772,1
2.0531819056304146,1.5662463896439143,85.18104682141495,15.626013223388512,0.7397482711461549,46.084507331317674,1
2.7248094526483335,1.520931436495155,88.35764486685812,17.02304783977928,0.562375525442909,43.155308811811096,1
3.2724948302848356,0.5025620882982158,102.3932629732913,10.296778361140431,0.9536489023883006,21.175490049160445,0
3.457921281550739,0.48815212151522264,101.79038644005547,10.348193723728357,0.9000602737681113,30.89818885061745,0
3.4032465260551144,0.5210728359321568,100.74811313969515,9.084683551571771,0.8993955526076973,24.69832457686661,0
1.3115017589045015,1.407857275271231,89.11906876861097,16.355847976344144,0.39508781898150686,43.17824308131398,1
3.373846657999541,0.5167138422413028,103.36785538291574,9.986242547474681,0.8652643434455471,23.580840290501655,0
3.3586857093800266,0.531863732532788,103.26686306460219,10.936648888108772,0.9011232946406024,25.819525591918996,0
3.260789184686784,0.520750798885158,101.46528015443116,8.81853378222908,0.9519555893710134,26.69686176441057,0
3.445114360779504,0.47241361543970944,97.25619771413729,9.84598285790713,0.9080009112926394,20.825945962795863,0
3.3774634053429335,0.5140061975881798,99.88846184468458,10.657457226792024,0.9099474073398247,26.245422447800536,0
2.3770288855579538,1.174179092162732,87.9117650468219,11.646592373607998,0.5118446068502127,50.58379224104078,1
3.2887671950309167,0.49820528611425546,98.83895310039055,10.277802233001724,0.9434578032194637,27.44616613419065,0
1.6238418096306015,1.157887482328399,85.88428253979153,19.154727050213324,0.8572570297598818,42.254352585255695,1
3.333126343140356,0.507889042847566,101.08720030918886,10.746344284479761,0.9131280664500963,25.65564234568617,0
1.7439130679119783,1.2638219327572981,84.24140614975302,17.930898752092073,0.46829236552730463,57.54545943621861,1
1.4618477917308321,0.800166780756105,82.81964222910553,20.459980736877366,0.6775981164795334,32.355168473526646,1
3.2110485570374476,0.5249217038499526,101.51785717957353,9.880533950415153,0.9493667258294551,23.60645636314085,0
3.3243687211491912,0.5134963898433321,100.00609204030683,9.05907547725118,0.9210486472194696,21.96671490115842,0
3.4402794310936096,0.5376404899295006,101.27746044405836,10.459614467287603,0.8990369810132803,25.16765325585872,0
1.659465831669354,1.231031438792432,78.3115027831998,15.005484709642712,0.4381281482168095,49.563369386886365,1
3.4453534077157313,0.5350454088684724,99.8033207464105,10.760658025961225,0.9092370289447862,21.87039445727589,0
2.1390715314848237,1.1513628073560425,73.53862968208279,21.219041331551946,0.2731206552051687,38.326521210139006,1
3.4119574911434576,0.515208293122886,99.12508339935317,10.203526143562268,0.9346459311515806,25.399620867437427,0
3.2292330534381217,0.5036967224738975,100.83803801873209,10.47643727360147,0.8789619103159474,23.48343586222482,0
3.335778736034828,0.4895455395896192,100.25044900529582,10.17531504963678,0.9902174054893371,25.773617041378404,0
2.2587266306250875,1.269836022882049,90.99920191538969,15.859616874211337,0.45422167317788725,36.635764114607575,1
2.644384827108336,1.1721167380159234,75.74306705029383,17.6086029377062,0.40570185423881444,44.01490851718186,1
1.8180262559708784,1.3608872728551569,81.76510405847982,17.05164364979207,0.5034793967836062,58.37812723278022,1
1.6765745169373178,1.349062077152279,99.95054272435083,18.421201678595285,0.435672811159089,27.333753790173983,1
1.5749296301989273,1.498674454200609,65.86435036549581,20.01431440119334,0.7677162558777642,41.529012296166485,1
1.9109960504908914,1.5910523795804277,69.03574575638609,17.49447348980763,0.4178142043689598,44.3607323786996,1
2.391772151505944,1.5021400009419479,80.28084194829687,20.58254767803176,0.3317373345716168,42.78662582624683,1
3.368195297129496,0.5053410053173851,97.86977267384925,8.924092299335348,0.9419470250234806,25.964133454670772,0
3.228469629074003,0.48920480639381275,101.92775823358981,10.18364365670067,0.8066730024319693,23.51503153492323,0
1.9661794545506033,1.3373416829777354,85.03383887195321,12.335348150031718,0.40114410876670326,46.852859793344734,1
1.3324798762338204,1.4616591000218933,65.90456103843462,17.61825556089364,0.22301404282933746,58.6882304735263,1
1.165091830233918,1.0754358696284185,86.85473673707878,16.322214651948528,0.5121623814351236,45.30157258499138,1
1.9557256520621478,1.304012993281476,88.68217299985844,19.74564870201127,0.551249034792894,43.61896692567332,1
2.538227822751468,0.8483298739690079,92.78481248812058,16.043000908266787,0.5899366311868034,61.78577179637398,1
1.6176472871246426,1.6826342567203119,79.76881289339539,20.332741091338505,0.4505766049673021,50.767975623245086,1
3.1484808937801447,0.5168128709797745,99.73196566665416,10.327950388264881,0.8607006983682509,22.26336992233438,0
3.267793848379432,0.501466359343768,97.54478436972602,10.21179953279673,0.9774510075747593,26.882621161534967,0
2.2607966056696194,1.215498293055324,79.93695780092166,16.858719139599774,0.46926850042029244,50.5205894106929,1
2.3129218293149147,1.09607204819793,95.04322887567918,19.174783399612025,0.6388962651071926,50.15299014280087,1
1.4536873264238688,1.4848783714093465,82.1932045593882,20.70222817997343,0.4144528898320301,50.16712336220714,1
3.097485741334239,0.5051205946862776,103.35540162815288,9.473158790426822,0.9007136533918217,24.329724437657095,0
2.6290591625435753,1.0655326151099551,76.26699862272719,17.18622951099125,0.2775523352026373,34.15223724112029,1
2.2807086586365517,0.962730185499734,86.94498766810314,17.49264784491524,0.5302479357693882,46.76466830189889,1
3.3067528204687924,0.4867475248210831,99.95129081547803,9.886757950575085,0.9680329297919326,25.73496333094861,0
2.7997973225728967,0.9089627218861069,88.78430625728173,14.177366216674992,0.38423887781048266,46.47447251262483,1
1.9125889716890971,0.9523038951593573,79.02461371943866,19.24681427655983,0.42061984852827305,54.0259182661507,1
3.2116142563798866,0.5065226604448424,99.96072440214664,9.499834337697212,0.9212943603096518,27.163533455345657,0
3.2927989878419663,0.4592375092964429,97.41063704855819,10.033495358612436,0.7780591420861785,23.00836921041954,0
2.2021945158014886,1.2369234604968542,88.58908611611622,18.720328367891533,0.5029187383278325,53.3909131350029,1
3.4088950596967362,0.4963203332729464,99.74035860053314,10.542991058087516,0.9660652016136506,25.007391343695694,0
3.3931280119116196,0.49176246067755064,98.65675326412389,10.183682753408089,0.8590371070139251,26.069258172244872,0
3.1987168879665573,0.5100183437524877,98.69716399277111,10.756724871621065,0.8867742579344695,25.17178601258666,0
3.2922898290585896,0.493146248118393,100.20840220790375,9.80412092547809,0.8840076238372578,25.52088452666711,0
1.9584305516281164,1.2334117805520157,78.78102812123275,13.960145335687727,0.8809072434174292,59.13209440262107,1
2.7931746986314216,0.8851033503270176,93.43113241836707,13.559157982129747,0.6648475036162947,48.890479946801776,1
3.167181395110157,0.5201258561842889,100.44890363711994,9.415041582144855,0.8987212843904003,22.50856524710723,0
3.239936131008119,0.5051944500344296,101.22703594546083,9.755575289106863,0.9104829707637313,29.113087129659082,0
1.529495745123631,1.474042119605222,78.90915784152847,20.08012363980515,0.4667167593061597,51.668825638698785,1
2.478747574668743,1.7109517829754113,91.7581950062536,19.035989552782905,0.502017554692894,58.777240782465555,1
3.4687141635072565,0.49558071652340674,96.94868737085982,9.679259202388524,0.9012694210271205,22.73959255065215,0
3.1679766792979356,0.5213334937917831,104.02677449505325,9.781807054736715,0.825173537245496,26.536414433263474,0
3.4479944138890026,0.45916530263151417,105.1163985713365,10.377145664906788,0.8655136112967914,26.204236640784966,0
3.294445230110338,0.48871842738526544,101.46975557209963,10.048991576735448,0.819671144963066,24.215057787878255,0
1.9335697978087445,0.9729708068952221,87.23414270573221,21.438081225683643,0.6570367691732208,44.78991365384118,1
3.36513912513058,0.5079827222870414,101.78984875388888,10.42371083857521,0.877395483358346,22.201387650396118,0
3.3872320636720676,0.48964777401927656,98.66185452268017,9.718915986710849,0.8820115677105458,23.126987250420807,0
3.2986502775262063,0.49867840402705366,100.79844624521056,10.16158385709239,0.923817888467811,26.111025292684495,0
2.192355237390542,1.0888251712797652,96.62620380834036,15.26995640914673,0.5269871554319625,39.974850086646576,1
1.992166181226184,1.500547456104581,83.94290728878762,18.030365885080865,0.6936137636183642,60.10749551691406,1
3.2754611883997127,0.4469806038321398,101.18950868333057,10.420310013252276,0.8882990070446509,26.104599875359046,0
3.1569858622039364,0.5354160127127102,98.19218471707042,9.912057093783831,0.9159825912959488,25.90948182428227,0
2.5407037644617856,0.9653989522466888,74.1314078779402,19.29117542434839,0.320041210236468,50.58069576271359,1
1.1599949830461183,1.1054739806417673,81.0329746239188,17.60360864724056,0.43570182096252,49.191684096613876,1
2.998180411463482,1.1069076883845288,82.46119606205973,16.692641718725163,0.6156203329981956,40.26977592504235,1
3.2559955513303014,0.48746065884424467,98.52894011482047,10.061602403392243,0.8747910084496164,23.967140712224857,0
1.993271610324781,1.058620877789244,77.3394483598783,19.366446029577617,0.6532434476109559,47.451115856587315,1
2.3290840573943496,0.9828029004772172,89.73153721401484,18.261380048928764,0.22894379076022758,42.59215750085423,1
3.0090309612789126,1.2860867562905125,85.90512365642418,17.556926804832525,0.515118660896721,29.341291286928083,1
2.106249660953625,0.9855957969028704,70.26481781633714,19.037742360880245,0.4847007925046102,47.70685953548768,1
1.4812866808887137,1.2021535400723826,89.21229346937845,17.369406689427752,0.5206028719110554,53.08219669468812,1
2.7094853948968316,0.9245619049750275,85.63841187246986,19.837829709316658,0.5757531632410651,23.086878350900218,1
3.31846338585323,0.4699371409376379,100.25115290694309,10.226185898124866,0.912197659895425,23.695822222813877,0
2.4051080847946116,1.2992553913846734,86.63807105921427,15.919612560368204,0.5748643724206624,58.513511469213434,1
3.26002036100863,0.8447908325332321,82.30757928097461,17.44098507340693,0.5810431916053543,42.878099676238385,1
1.8984620054674848,1.2655602127232837,84.511394629181,20.650552180874076,0.42146360173901254,44.30639091081433,1
2.3279520975853516,0.9815768706434036,88.83861628293467,17.433563922109535,0.1888039943680448,37.62069612124837,1
2.698623461822614,1.189252326388061,88.1464564000426,17.53786104508464,0.47199815565298325,55.62445511189574,1
3.365655360863383,0.4971127917615212,99.35033723298275,10.569939280564522,0.9278845530362563,26.106502439969567,0
3.2528961694381677,0.5033290441642612,101.89910827088265,10.0799281959987,0.7923328540064378,25.43355112752526,0
3.3012592400781795,0.5066891357997405,98.1334640818536,10.56335256841379,0.8146321021203526,23.226638155433086,0
2.5568858106927927,1.139242731880551,90.45089861260244,19.73754500118154,0.41918587439808563,43.108409306113124,1
3.462861554557129,0.47957534365738574,99.50261774763291,10.126869830747287,0.8934263702164167,23.79203874806154,0
2.320653575849623,0.5468804860671436,86.31435812296455,18.277290367420168,0.4100266965020226,41.929002069353736,1
2.9142342773861607,1.448468907055387,85.21850703881151,19.06195132392818,0.7512289509371097,40.638510042189424,1
1.746187052588987,1.2775983443566163,88.10700583384134,15.214529055666008,0.4813571334256346,40.13944966576355,1
3.364537594958515,0.5239009325784969,97.91038161195793,11.037041334874987,0.8234446248722139,25.183504968896745,0
3.104032987612022,0.4923088891154035,97.07125023958037,9.733649580169045,0.8745518187146251,26.836908887884828,0
